MeetID,MeetPath,Federation,Date,MeetCountry,MeetState,MeetTown,MeetName
0,365strong/1601,365Strong,29-10-2016,USA,NC,Charlotte,2016 Junior & Senior National Powerlifting Championships
1,365strong/1602,365Strong,19-11-2016,USA,MO,Ozark,Thanksgiving Powerlifting Classic
2,365strong/1603,365Strong,09-07-2016,USA,NC,Charlotte,Charlotte Europa Games
3,365strong/1604,365Strong,11-06-2016,USA,SC,Rock Hill,Carolina Cup Push Pull Challenge
4,365strong/1605,365Strong,10-04-2016,USA,SC,Rock Hill,Eastern USA Challenge
5,365strong/1701,365Strong,22-04-2017,USA,NC,Charlotte,Charlotte Europa Games
6,365strong/1702,365Strong,21-01-2017,USA,GA,Martinez,New Year Challenge
7,365strong/1703,365Strong,10-06-2017,USA,MO,Lake Ozark,Midwest Regionals
8,365strong/1704,365Strong,15-07-2017,USA,SC,Rock Hill,Victory Cup Challenge
9,365strong/1705,365Strong,12-08-2017,USA,NC,Fayetteville,Eastern Regional Championship
10,365strong/1706,365Strong,30-09-2017,USA,IN,Evansville,Ohio Valley Regional Open Powerlifting Championships
11,365strong/1707,365Strong,30-09-2017,USA,IN,Evansville,US Masters Open
12,365strong/1708,365Strong,28-10-2017,USA,NC,Charlotte,2017 Men & Women National Powerlifting Championships
13,365strong/1709,365Strong,09-12-2017,USA,SC,Conway,East Coast Conflict
14,aau/1601,AAU,09-07-2016,USA,CA,San Jose,Kindred NorCal Powerlifting Championships
15,aau/1602,AAU,23-09-2016,USA,NV,Las Vegas,2016 AAU Worlds
16,aau/1701,AAU,25-02-2017,USA,CA,San Diego,So Cal Meet
17,aau/1702,AAU,20-05-2017,USA,CA,Los Angeles,Battle of Los Angeles
18,aau/1703,AAU,11-02-2017,USA,CA,Santa Barbara,Central California Meet
19,aau/1704,AAU,18-03-2017,USA,CA,Santa Clara,American Meet
20,aau/1705,AAU,21-01-2017,USA,NV,Las Vegas,Sin City Powerlifting
21,adfpa/9501,ADFPA,15-07-1995,USA,PA,Wilkes-Barre,Men's Nationals
22,apa/1001,APA,13-11-2010,USA,FL,,Ironfest Challenge
23,apa/1002,APA,17-04-2010,USA,,,Raw Nationals
24,apa/1401,APA,04-10-2014,USA,OR,Portland,Elite Fall Classic
25,apa/1601,APA,30-01-2016,USA,OR,Portland,APA Winter Classic
26,apa/1602,APA,16-04-2016,USA,OR,Clackamas,Elite Spring Challenge District 7 Regionals
27,apa/1701,APA,21-01-2017,USA,AK,Searcy,Rhino Open Championships
28,apa/1702,APA,05-08-2017,USA,MI,Metamora,Michigan Summer Iron Bash
29,apa/1703,APA,29-07-2017,USA,AL,Tuscaloosa,Raw Wars III
30,apa/1704,APA,22-07-2017,USA,MO,Ellisville,Missouri Raw Summer Iron Bash
31,apa/1705,APA,15-07-2017,USA,TX,El Paso,Lone Star Raw Championships
32,apa/1706,APA,20-05-2017,USA,OH,Lebanon,Raw Nationals
33,apa/1707,APA,08-07-2017,USA,AR,Newport,Southern States
34,apa/1708,APA,17-06-2017,USA,NJ,Hillsborough,Garden State Raw Championships
35,apa/1709,APA,10-06-2017,USA,AR,Harrison,Clash of the Iron Warriors
36,apa/1710,APA,20-05-2017,USA,FL,Largo,Blessed Iron Bash
37,apa/1711,APA,13-05-2017,USA,MS,Philadelphia,Mississippi State Championships
38,apa/1712,APA,13-05-2017,USA,VT,Brattleboro,30th Can-Am International Championships
39,apa/1713,APA,15-04-2017,USA,TX,McAllen,Region 6 Championships
40,apa/1714,APA,01-04-2017,USA,TX,El Paso,Sun City Championships
41,apa/1715,APA,18-02-2017,USA,AR,Harrison,Arkansas Raw Championships
42,apa/1716,APA,19-08-2017,USA,AR,Conway,Battle of the Badasses
43,apa/1717,APA,02-09-2017,USA,MO,Leadington,Ozark Open
44,apa/1718,APA,22-04-2017,USA,MO,Jackson,ShowMe State Raw Championships
45,apa/1719,APA,25-03-2017,USA,UT,St. George,Utah Open Raw Championships
46,apa/1720,APA,21-01-2017,USA,FL,Largo,Thunderbay Throwdown
47,apa/1721,APA,07-10-2017,USA,TX,Weslaco,US Open
48,apa/1722,APA,23-09-2017,USA,UT,St. George,West Coast Raw Championships
49,apa/1723,APA,16-09-2017,USA,MI,Clawson,4th Annual Wolverine Open Raw Championships
50,apa/1724,APA,09-12-2017,USA,AR,Harrison,Rocky Memorial VIII
51,apa/1725,APA,11-02-2017,USA,MS,Philadelphia,Magnolia Open Championships
52,apa/1726,APA,21-01-2017,USA,OR,Portland,Winter Classic
53,apa/1727,APA,25-02-2017,USA,MO,Park Hills,District 5 Regional Championships
54,apa/1728,APA,18-03-2017,USA,MI,St. John's,Michigan Open Championships
55,apc/1701,APC,24-06-2017,USA,GA,Gainesville,15th Annual Nationals
56,apc/1702,APC,18-03-2017,USA,GA,Gainesville,Georgia State Championships
57,apc/1703,APC,11-03-2017,USA,FL,,Florida Panhandle Dominion
58,apf/1101,APF,29-10-2011,USA,FL,Orlando,APF-AAPF Southern States
59,apf/1401,WPC,10-11-2014,USA,FL,,World Championships
60,apf/1501,APF,12-06-2015,USA,MI,Grand Rapids,2015 APF Raw Nationals
61,apf/1502,APF,15-04-2015,USA,FL,,Gulf Coast Winter Bash
62,apf/1601,APF,06-08-2016,USA,ME,Westbrook,2016 APF Maine State Powerlifting
63,apf/1602,WPC,06-08-2016,USA,MI,Grand Rapids,2016 WPC Single Lift Championships
64,apf/1603/aapf,AAPF,30-07-2016,USA,ND,Fargo,AAPF North Dakota Championship
65,apf/1603/apf,APF,30-07-2016,USA,ND,Fargo,APF North Dakota Championship
66,apf/1604/aapf,AAPF,30-07-2016,USA,IL,Chicago,Chicago Summer Bash 13
67,apf/1604/apf,APF,30-07-2016,USA,IL,Chicago,Chicago Summer Bash 13
68,apf/1605,WPC,27-08-2016,USA,FL,Jacksonville,WPC Open Challenge
69,apf/1606,CAPO,13-08-2016,Australia,NSW,Cronulla,CAPO/WPC 3-Lift National Titles
70,apf/1607,APF,06-05-2016,USA,IL,Lombard,APF Raw Nationals
71,apf/1608,APF,27-05-2016,USA,FL,Orlando,APF Equipped Nationals
72,apf/1609,APF,24-09-2016,USA,SD,Chamberlain,Midwest Iron Reaping
73,apf/1610,APF,07-10-2016,USA,MI,Grand Rapids,2016 Michigan APF Fall Open
74,apf/1611,APF,17-09-2016,USA,FL,,OPI Open
75,apf/1612,WPC,01-10-2016,Finland,,Helsinki,Metal Nutrition Power Expo 2016
76,apf/1613,APF,17-09-2016,USA,CA,Fresno,2016 APF California Fall Classic
77,apf/1614,WPC,07-11-2016,USA,LA,Baton Rouge,2016 WPC Worlds
78,apf/1615,APF,29-10-2016,USA,IL,,2016 Beast of the Bench
79,apf/1616,APF,29-10-2016,USA,IL,,2016 Rise of the Deadlift
80,apf/1617,APF,22-10-2016,USA,FL,,Southern States Championships
81,apf/1618,APF,04-11-2016,USA,ME,Westbrook,New England Powerlifting & Bench Press Championships
82,apf/1619,APF,03-12-2016,USA,FL,New Port Richey,Gulf Coast Winter Bash
83,apf/1620,APF,17-12-2016,USA,IL,,IL Raw Power Challenge
84,apf/1621,APF,02-04-2016,USA,IL,,Illinois State Meet
85,apf/1701,APF,01-04-2017,USA,FL,Tampa,Gulfcoast
86,apf/1702,APF,22-04-2017,USA,IL,,AAPF IL High School Championships
87,apf/1703,WPC,25-03-2017,Finland,,Juva,Finnish Nationals
88,apf/1704,APF,07-05-2017,USA,FL,Lake Buena Vista,Raw National Championships
89,apf/1705,APF,06-05-2017,USA,ME,Portland,Maine State Championship
90,apf/1706,APF,04-02-2017,USA,CA,Santa Maria,California Central Coast Open
91,apf/1707,APF,22-04-2017,USA,OR,Portland,Spring Challenge
92,apf/1708,APF,26-05-2017,USA,IL,Lombard,AAPF Nationals 2017
93,apf/1709,APF,30-04-2017,USA,IL,,ILPL Meet for MDA
94,apf/1710,WPC,15-04-2017,Ireland,,Limerick,Irish Pro Invitational 2
95,apf/1711,APF,25-03-2017,USA,IA,,Armed Forces Show and Iowa and Nebraska State Championships
96,apf/1712,APF,15-06-2017,USA,FL,,APF Equipped Nationals
97,apf/1713,APF,25-03-2017,USA,IL,,IL State Meet
98,apf/1714,APF,20-05-2017,USA,ID,,Teton Powerlifting Championships
99,apf/1715,WPC,03-07-2017,Finland,,Helsinki,European Championships
100,apf/1716,APF,22-07-2017,USA,,,Show of Strength
101,apf/1717,APF,16-07-2017,USA,TX,,Texas Firefighter
102,apf/1718,APF,10-06-2017,USA,UT,,Utah State Championships
103,apf/1719,WPC,05-08-2017,USA,MI,Grand Rapids,Single Lift Championships
104,apf/1720,APF,11-03-2017,USA,MI,,Michigan State Meet
105,apf/1721,APF,05-08-2017,USA,ME,Westbrook,Maine State Push-Pull
106,apf/1722,APF,29-07-2017,USA,IL,Chicago,Chicago Summer Bash 14
107,apf/1723,APF,07-01-2017,USA,SC,Ft. Jackson,Victory Starts Here
108,apf/1724,APF,29-04-2017,USA,CA,,Cal State Meet
109,apf/1725,APF,04-02-2017,USA,SD,,SD State Powerlifting Championships
110,apf/1726,WPC,31-08-2017,USA,ID,,WPC/AWPC World Cup
111,apf/1727,APF,09-09-2017,USA,OH,,Ohio State Meet
112,apf/1728,WPC,08-09-2017,USA,IL,,AWPC Worlds
113,apf/1729,APF,29-07-2017,USA,ND,,North Dakota Powerlifting Championship
114,apf/1730,APF,24-09-2017,USA,SC,,Pro Fitness Go Heavy or Go Home
115,apf/1731,APF,19-02-2017,USA,FL,,Florida State Championships
116,apf/1732,APF,07-10-2017,USA,MI,Grand Rapids,Fall Open
117,apf/1733,APF,30-09-2017,USA,SD,Chamberlain,Midwest Iron Reaping
118,apf/1734,APF,07-10-2017,USA,MS,Moss Point,Power Pit Classic
119,apf/1735,APF,28-10-2017,USA,IL,,Rise of the Deadlift & Bench of the Beast
120,apf/1736,APF,18-11-2017,USA,IL,,2XL Intro to Powerlifting
121,apf/1737,APF,02-12-2017,USA,FL,,Gulf Coast Winter Bash
122,apf/1738,APF,15-12-2017,USA,IL,,Illinois Raw Power Challenge
123,apf/1739,APF,16-12-2017,USA,MS,,The Legendary Push-Pull
124,apf/1740,APF,02-12-2017,USA,MN,,Twin Cities Barbell Holiday Throwdown IV
125,asianpf/8401,AsianPF,19-07-1984,Indonesia,,Bandung,1st Asian Powerlifting Championship
126,bb/0901,BB,05-12-2009,Russia,,,Unlimited Force
127,bb/0902,BB,29-09-2009,Russia,,,Nutrasport Elite Cup
128,bb/0903,BB,23-05-2009,Russia,,,Clear Victory
129,bb/0904,BB,19-12-2009,Russia,,,National Championship
130,bb/1001,BB,18-12-2010,Russia,,Moscow,Worldlifting 2010
131,bb/1002,BB,14-05-2010,Russia,,Moscow,European RAW Powerlifting and Bench Press Championship
132,bb/1003,BB,07-03-2010,Russia,,,Russian Hero
133,bb/1004,BB,18-12-2010,Russia,,,National Championship
134,bb/1101,BB,10-12-2011,Russia,,,2011 National Championship
135,bb/1102,BB,28-05-2011,Russia,,Moscow,Eurolifting 2011
136,bb/1201,BB,27-04-2012,Russia,,Moscow,European Raw Pro Bench Press Championship
137,bp/1401,BP,04-10-2014,UK,,Dover,British Classic Mens Powerlifting Championships 2014
138,bp/1402,BP,12-07-2014,UK,,,British Senior & Junior Equipped Powerlifting Championships
139,bp/1403,BP,16-03-2014,UK,,Horncastle,British Equipped Masters Powerlifting Championships
140,bp/1404,BP,15-03-2014,UK,,Horncastle,British Classic Masters Powerlifting Championships
141,bp/1405,BP,15-01-2014,UK,,,British Equipped Bench Press Championships
142,bp/1406,BP,20-09-2014,UK,,London,British Women's Classic Championships
143,bp/1407,BP,29-11-2014,UK,,Glasgow,Four Nations
144,bp/1501,BP,24-10-2015,UK,,Ashington,Home Nations Championship 2015
145,bp/1502,BP,03-10-2015,UK,,,British Mens Classic Championships 2015
146,bp/1503,BP,19-09-2015,UK,,,British Womens Classic Championships 2015
147,bp/1504,BP,31-10-2015,UK,,,British Junior Classic Championships 2015
148,bp/1505,BP,04-11-2015,UK,,,British Equipped Championships 2015
149,bp/1506,BP,03-07-2015,UK,,Horncastle,British Classic Masters 2015
150,bp/1507,BP,02-08-2015,UK,,Horncastle,British Classic Bench Press Championships
151,bp/1508,BP,07-02-2015,UK,,Horncastle,British Equipped Bench Press Championships
152,bp/1601,BP,01-10-2016,UK,,Northamptonshire,British Classic Men 2016
153,bp/1602,BP,17-09-2016,UK,,Horncastle,Women's British Classic Championship
154,bp/1603,BP,23-01-2016,UK,,Horncastle,British Bench Press Championship 2016
155,bp/1604,BP,27-03-2016,UK,,Gosport,British Equipped Powerlifting Championships 2016
156,bp/1701,BP,15-01-2017,UK,,,British Classic Bench Press Championships
157,bp/1702,BP,16-01-2017,UK,,,British Equipped Bench Press Championships
158,bp/1703,BP,25-02-2017,UK,,,British Equipped Championships
159,bp/1704,BP,11-03-2017,UK,,,British Masters Classic
160,bp/1705,BP,25-03-2017,UK,,,British University Championships
161,bp/1706,BP,29-07-2017,UK,,,British Women's Classic Championships
162,bp/1707,BP,21-10-2017,UK,,,British Men's Classic Championships
163,bp/1708,BP,04-11-2017,UK,,,Four Nations Championships
164,bp/1709,BP,25-11-2017,UK,,,British Junior Classic Championships
165,bp/1710,BP,09-12-2017,UK,,,British Masters Classic Qualifier
166,bp/1801,BP,21-01-2018,UK,,Horncastle,British Equipped Bench Press Championships
167,bp/1802,BP,20-01-2018,UK,,Horncastle,British Equipped Powerlifting Championships
168,bpu/1701,BPU,11-11-2017,England,,Macclesfield,Northern Qualifiers
169,capo/1701,CAPO,03-06-2017,Australia,NSW,,NSW State Titles
170,capo/1702,CAPO,21-05-2017,Australia,SA,,SA State Titles
171,capo/1703,CAPO,30-04-2017,Australia,QLD,,QLD State Titles
172,capo/1704,CAPO,20-05-2017,Australia,VIC,,VIC State Titles
173,capo/1705,CAPO,25-04-2017,Australia,,,Anzac Day Competition
174,capo/1706,CAPO,07-10-2017,Australia,WA,Perth,Wild West Shootout 6
175,commonwealthpf/0501,CommonwealthPF,05-09-2005,England,,Northumberland,1st Mens Commonwealth Powerlifting Championships
176,commonwealthpf/0502,CommonwealthPF,05-09-2005,England,,Northumberland,1st Womens Commonwealth Powerlifting Championships
177,commonwealthpf/0701,CommonwealthPF,05-12-2007,New Zealand,,Christchurch,2007 Mens Commonwealth Powerlifting Championships
178,commonwealthpf/0702,CommonwealthPF,05-12-2007,New Zealand,,Christchurch,2007 Womens Commonwealth Powerlifting Championships
179,commonwealthpf/0901,CommonwealthPF,09-12-2009,India,MH,Pune,Commonwealth Powerlifting Championships 2009
180,commonwealthpf/0902,CommonwealthPF,09-12-2009,India,MH,Pune,Commonwealth Benchpress Championships 2009
181,commonwealthpf/1101,CommonwealthPF,16-12-2011,England,,Bournemouth,2011 Commonwealth Powerlifting Championships
182,commonwealthpf/1301,CommonwealthPF,05-12-2013,New Zealand,,Auckland,Commonwealth Mens Equipped Benchpress Championships 2013
183,commonwealthpf/1302,CommonwealthPF,04-12-2013,New Zealand,,Auckland,Commonwealth Mens Equipped Powerlifting Championships 2013
184,commonwealthpf/1303,CommonwealthPF,05-12-2013,New Zealand,,Auckland,Commonwealth Mens Raw Benchpress Championships 2013
185,commonwealthpf/1304,CommonwealthPF,06-12-2013,New Zealand,,Auckland,Commonwealth Mens Raw Powerlifting Championships 2013
186,commonwealthpf/1305,CommonwealthPF,05-12-2013,New Zealand,,Auckland,Commonwealth Womens Equipped Benchpress Championships 2013
187,commonwealthpf/1306,CommonwealthPF,05-12-2013,New Zealand,,Auckland,Commonwealth Womens Raw Benchpress Championships 2013
188,commonwealthpf/1307,CommonwealthPF,06-12-2013,New Zealand,,Auckland,Commonwealth Womens Raw Powerlifting Championships 2013
189,commonwealthpf/1308,CommonwealthPF,04-12-2013,New Zealand,,Auckland,Commonwealth Womens Equipped Powerlifting Championships 2013
190,commonwealthpf/1501,CommonwealthPF,01-12-2015,Canada,BC,Richmond,2015 Commonwealth Championships
191,cpf/0601,CPF,02-12-2006,Canada,ON,Toronto,Battle in Toronto
192,cpf/1501,CPF,20-11-2015,Canada,ON,Waterloo,6th Annual St David's Full Power Bash
193,cpf/1502,CPF,14-11-2015,Canada,QC,Longueuil,Napalm Push-Pull
194,cpf/1503,CPF,07-11-2015,Canada,NS,Amherst,Autumn Armageddon
195,cpf/1504,CPF,27-06-2015,Canada,ON,Toronto,CPF Nationals
196,cpf/1601,CPF,26-06-2016,Canada,NS,Amherst,2016 Pro Nationals
197,cpf/1602,CPF,17-12-2016,Canada,ON,Scarborough,Townson Fitness Christmas Special
198,cpf/1603,CPF,10-12-2016,Canada,ON,Toronto,Torque Pro Battle for Cash
199,cpf/1604,CPF,10-07-2016,Canada,NS,Digby,Lobster Bench Bash Smash for Cash
200,cpf/1605,CPF,30-01-2016,Canada,ON,Toronto,Quantum Pro Raw Classic
201,cpf/1606,CPF,19-11-2016,Canada,ON,Mississauga,Fall at Forge
202,cpf/1607,CPF,25-06-2016,Canada,NS,Amherst,2016 Amateur Nationals
203,cpf/1608,CPF,19-03-2016,Canada,ON,Toronto,Torque Powerlifting Classic
204,cpf/1609,CPF,23-07-2016,Canada,AB,Edmonton,Evolve Bench Bash and BBQ
205,cpf/1610,CPF,06-02-2016,Canada,NS,Amherst,APC In-House Power Challenge
206,cpf/1611,CPF,05-11-2016,Canada,BC,Prince George,Northern Power Wars
207,cpf/1612,CPF,29-10-2016,Canada,ON,Toronto,Halloween Womens Only Pro/AM
208,cpf/1613,CPF,20-08-2016,Canada,NS,Amherst,CPF/APC In-House Summer Power Challenge
209,cpf/1614,CPF,16-07-2016,Canada,ON,Mississaugua,Forge Powerlifting Classic
210,cpf/1615,CPF,13-08-2016,Canada,ON,Kitchener,Warehouse Bench Bash for Cash
211,cpf/1616,CPF,03-12-2016,Canada,ON,Orleans,Barbell Assault
212,cpf/1617,CPF,17-09-2016,Canada,ON,Burlington,Womens Open
213,cpf/1618,CPF,28-05-2016,Canada,ON,Toronto,Amateur World Qualifiers
214,cpf/1619,CPF,19-02-2016,Canada,ON,Kitchener,Resurrection Push/Pull High School Meet
215,cpf/1620,CPF,21-05-2016,Canada,QC,Longueuil,The Earthquake
216,cpf/1621,CPF,16-04-2016,Canada,ON,Guelph,WPC Worlds Pro Qualifier
217,cpf/1622,CPF,13-05-2016,Canada,ON,Kitchener,High School National Championships
218,cpf/1623,CPF,07-05-2016,Canada,AB,Edmonton,Western Canadian Championships and WPC Qualifier
219,cpf/1624,CPF,30-04-2016,Canada,BC,Prince George,The Northern Powerlifting Classic
220,cpf/1625,CPF,09-04-2016,Canada,QC,Longueuil,Bench Wars
221,cpf/1626,CPF,26-03-2016,Canada,QC,Longueuil,March of Victory
222,cpf/1701,CPF,28-01-2017,Canada,AB,Edmonton,Winter Warm Up
223,cpf/1702,CPF,03-06-2017,Canada,ON,Guelph,CPF Nationals 2017
224,cpf/1703,CPF,28-01-2017,Canada,ON,Kitchener,Judgment Day
225,cpf/1704,CPF,27-05-2017,Canada,NS,Amherst,Summer Power Blast
226,cpf/1705,CPF,26-05-2017,Canada,ON,Kitchener,High School Championship
227,cpf/1706,CPF,06-05-2017,Canada,BC,Prince George,2017 GPC Nationals and CPF Western Canadian Championships
228,cpf/1707,CPF,17-06-2017,Canada,QC,Longueuil,The SSP Barbell Club Bench Meet
229,cpf/1708,CPF,30-04-2017,Canada,ON,Toronto,All in One Masters Challenge
230,cpf/1709,CPF,22-04-2017,Canada,ON,Toronto,Torque Tournament of Champions Qualifier 2
231,cpf/1710,CPF,31-03-2017,Canada,ON,Waterloo,8th Annual RCSS Push/Pull Meet
232,cpf/1711,CPF,25-02-2017,Canada,ON,Toronto,Tournament of Champions Qualifier 1
233,cpf/1712,CPF,04-02-2017,Canada,QC,Longueuil,SSP Barbell Club Winter Open
234,cpf/1713,CPF,28-01-2017,Canada,NS,Amherst,Winter Power Challenge
235,cpf/1714,CPF,08-07-2017,Canada,ON,Mississauga,2nd Annual Forge Powerlifting Classic
236,cpf/1715,CPF,22-07-2017,Canada,ON,Barrie,APS Summer Slam PRO
237,cpf/1716,CPF,19-08-2017,Canada,ON,Orleans,Raw Bench Bash
238,cpf/1717,CPF,09-09-2017,Canada,ON,Hamilton,Tournament of Champions Qualifier 3
239,cpf/1718,CPF,16-09-2017,Canada,ON,Vaughan,Women's Open
240,cpf/1719,CPF,30-09-2017,Canada,AB,Edmonton,Summer Send Off
241,cpf/1720,CPF,30-09-2017,Canada,QC,Longueuil,The Battle Begins
242,cpf/1722,CPF,12-11-2017,Canada,ON,Barrie,APS Memorial Classic
243,cpf/1723,CPF,04-11-2017,Canada,SK,Regina,Shell Shock II
244,cpf/1724,CPF,04-11-2017,Canada,NS,Milford,Renfrew Full Power Fall Classic
245,cpf/1725,CPF,04-11-2017,Canada,BC,Prince George,Northern Powerlifting Classic
246,cpf/1726,CPF,24-11-2017,Canada,ON,Kitchener,8th Annual WCDSB Push/Pull
247,cpf/1727,CPF,02-12-2017,Canada,ON,Orleans,Barbell Assault 2.0
248,cpf/1728,CPF,16-12-2017,Canada,ON,Scarborough,Townson Fitness Xmas Special and Tournament of Champions Finals
249,cpl/1401,CPL,26-07-2014,Canada,BC,Prince George,Canadian Powerlifting League National Championships
250,cpl/1501,CPL,06-06-2015,Canada,BC,Prince George,Western Canadian Bash
251,cpl/1502,CPL,25-07-2015,Canada,BC,Vancouver,Vancouver PRO-AM Expo
252,cpl/1503,CPL,29-08-2015,Canada,AB,Red Deer,CPL Red Deer Nationals 2015
253,cpl/1601,CPL,09-07-2016,Canada,BC,Vancouver,2016 Canadian Cup
254,cpl/1602,CPL,20-08-2016,Canada,AB,Red Deer,Canadian National Championships
255,cpl/1603,CPL,26-11-2016,Canada,AB,Edmonton,CPL Shell Shock
256,cpl/1701,CPL,04-03-2017,Canada,ON,Toronto,Eastern Canada Regional Opener
257,cpl/1702,CPL,08-07-2017,Canada,BC,Vancouver,Vancouver Pro-Am and Expo
258,cpl/1703,CPL,12-08-2017,Canada,,,National Championship
259,cpl/1704,CPL,26-08-2017,Canada,QC,Montreal,Montreal Provincials
260,cpl/1705,CPL,09-09-2017,Canada,ON,Kingston,EPC Strength Showdown
261,cpl/1706,CPL,12-12-2017,Canada,ON,Ontario,EPC Finals
262,cpu/1979-08-04-2cc667f7,CPU,04-08-1979,Canada,QC,,Canadian Championships
263,cpu/1983-06-18-a4ab573f,CPU,18-06-1983,Canada,AB,Pincher Creek,1983 APU Provincials
264,cpu/1984-02-25-84392b74,CPU,25-02-1984,Canada,AB,Stettler,1984 APU Provincials
265,cpu/1984-05-19-f7cd2b22,CPU,19-05-1984,Canada,AB,Pincher Creek,1984 Western Canadians
266,cpu/1985-11-30-a83aef3c,CPU,30-11-1985,Canada,AB,Lethbridge,Lethbridge Open
267,cpu/1986-01-01-88abfb1a,CPU,01-01-1986,Canada,AB,Edmonton,Edmonton Novice
268,cpu/1986-03-08-5005bbb3,CPU,08-03-1986,Canada,AB,Edmonton,1986 APU Provincials
269,cpu/1986-07-19-98064b01,CPU,19-07-1986,Canada,AB,,Alberta Open
270,cpu/1986-11-08-98064b01,CPU,08-11-1986,Canada,AB,,Alberta Open
271,cpu/1987-02-28-d7a370f0,CPU,28-02-1987,Canada,AB,Medicine Hat,1987 APU Provincials
272,cpu/1988-03-12-11214325,CPU,12-03-1988,Canada,AB,Taber,1988 APU Provincials
273,cpu/1994-05-21-774d42a4,CPU,21-05-1994,Canada,NS,Antigonish,Canadian Nationals
274,cpu/1995-02-10-520e0322,CPU,10-02-1995,Canada,BC,Chilliwack,Nationals
275,cpu/1995-02-10-b2ebf14e,CPU,10-02-1995,Canada,BC,Chilliwack,Masters Nationals
276,cpu/1995-02-10-ca5f65ac,CPU,10-02-1995,Canada,BC,Chilliwack,Junior Nationals
277,cpu/1995-02-12-24692678,CPU,12-02-1995,Canada,BC,Chilliwack,BP Nationals
278,cpu/1995-02-12-b2ebf14e,CPU,12-02-1995,Canada,BC,Chilliwack,Masters Nationals
279,cpu/1995-02-12-e009bd29,CPU,12-02-1995,Canada,BC,Chilliwack,Junior BP Nationals
280,cpu/1995-05-21-520e0322,CPU,21-05-1995,Canada,ON,Ottawa,Nationals
281,cpu/1995-10-07-34ea97f0,CPU,07-10-1995,Canada,AB,Olds,CBSA Provincials
282,cpu/1995-10-07-f48c71c4,CPU,07-10-1995,Canada,AB,Olds,Junior Provincials
283,cpu/1995-10-07-f55d983d,CPU,07-10-1995,Canada,AB,Olds,Provincials
284,cpu/1995-10-07-fe0d8fc3,CPU,07-10-1995,Canada,AB,Olds,BP Provincials
285,cpu/1995-10-28-8f3dfbc2,CPU,28-10-1995,Canada,NS,Sydney,Annual Sydney Open
286,cpu/1995-11-05-5ac66569,CPU,05-11-1995,Canada,BC,Vancouver,1995 Fall Classic
287,cpu/1995-11-05-f55d983d,CPU,05-11-1995,Canada,BC,Vancouver,Provincials
288,cpu/1996-02-10-f55d983d,CPU,10-02-1996,Canada,BC,Nanaimo,Provincials
289,cpu/1996-02-17-230c3c3e,CPU,17-02-1996,Canada,MB,Steinbach,Special Olympics Provincials
290,cpu/1996-02-17-f55d983d,CPU,17-02-1996,Canada,MB,Steinbach,Provincials
291,cpu/1996-03-01-520e0322,CPU,01-03-1996,Canada,NS,Windsor,Nationals
292,cpu/1996-03-01-b2ebf14e,CPU,01-03-1996,Canada,NS,Windsor,Masters Nationals
293,cpu/1996-03-01-ca5f65ac,CPU,01-03-1996,Canada,NS,Windsor,Junior Nationals
294,cpu/1996-04-06-195ef634,CPU,06-04-1996,Canada,AB,Bonnyville,APU Blind Invitational Championship
295,cpu/1996-04-06-93ef9d8c,CPU,06-04-1996,Canada,AB,Bonnyville,APU Novice Invitational Championship
296,cpu/1996-04-06-9b73a2f0,CPU,06-04-1996,Canada,AB,Bonnyville,APU Special Olympics Invitational Championship
297,cpu/1996-04-06-aff04a37,CPU,06-04-1996,Canada,AB,Bonnyville,APU Invitational Championship
298,cpu/1996-05-17-520e0322,CPU,17-05-1996,Canada,AB,Leduc,Nationals
299,cpu/1996-05-19-24692678,CPU,19-05-1996,Canada,AB,Leduc,BP Nationals
300,cpu/1996-08-01-c1696e52,CPU,01-08-1996,Canada,NL,Cornerbrook,1996 August Classic
301,cpu/1996-09-28-6fa6cf43,CPU,28-09-1996,Canada,AB,Edmonton,Masters Provincials
302,cpu/1996-09-28-f48c71c4,CPU,28-09-1996,Canada,AB,Edmonton,Junior Provincials
303,cpu/1996-09-28-f55d983d,CPU,28-09-1996,Canada,AB,Edmonton,Provincials
304,cpu/1996-09-28-fe0d8fc3,CPU,28-09-1996,Canada,AB,Edmonton,BP Provincials
305,cpu/1996-10-18-ab7ec3d1,CPU,18-10-1996,Canada,QC,,Disabled BP Provincials
306,cpu/1996-10-18-f55d983d,CPU,18-10-1996,Canada,QC,,Provincials
307,cpu/1996-10-18-fe0d8fc3,CPU,18-10-1996,Canada,QC,,BP Provincials
308,cpu/1996-10-19-26a740b2,CPU,19-10-1996,Canada,BC,Grand Forks,1996 Fall Classic
309,cpu/1996-10-19-f55d983d,CPU,19-10-1996,Canada,BC,Grand Forks,Provincials
310,cpu/1996-11-22-c575a4da,CPU,22-11-1996,Canada,NS,Sherbrooke,St Mary's Open
311,cpu/1996-11-24-23755b03,CPU,24-11-1996,Canada,BC,Vancouver,Spartacus Winter Open
312,cpu/1997-02-02-19ef9880,CPU,02-02-1997,Canada,QC,Rimouski,Eastern Quebec Bench Press Qualifier
313,cpu/1997-02-02-956c8548,CPU,02-02-1997,Canada,QC,Rimouski,Eastern Quebec Powerlifting Qualifier
314,cpu/1997-03-01-24692678,CPU,01-03-1997,Canada,MB,Winnipeg,BP Nationals
315,cpu/1997-03-01-520e0322,CPU,01-03-1997,Canada,MB,Winnipeg,Nationals
316,cpu/1997-04-05-b2ebf14e,CPU,05-04-1997,Canada,NL,Cornerbrook,Masters Nationals
317,cpu/1997-04-05-ca5f65ac,CPU,05-04-1997,Canada,NL,Cornerbrook,Junior Nationals
318,cpu/1997-04-26-e20b5271,CPU,26-04-1997,Canada,AB,Vegreville,Vegreville Invitational Championships
319,cpu/1997-05-18-520e0322,CPU,18-05-1997,Canada,ON,Toronto,Nationals
320,cpu/1997-09-21-36c1f98e,CPU,21-09-1997,Canada,ON,Toronto,Toronto Open
321,cpu/1997-10-04-230c3c3e,CPU,04-10-1997,Canada,AB,Leduc,Special Olympics Provincials
322,cpu/1997-10-04-f55d983d,CPU,04-10-1997,Canada,AB,Leduc,Provincials
323,cpu/1997-10-04-fe0d8fc3,CPU,04-10-1997,Canada,AB,Leduc,BP Provincials
324,cpu/1997-10-18-f55d983d,CPU,18-10-1997,Canada,QC,,Provincials
325,cpu/1997-10-18-fe0d8fc3,CPU,18-10-1997,Canada,QC,,BP Provincials
326,cpu/1997-10-19-bba8a1c4,CPU,19-10-1997,Canada,BC,Chilliwack,1997 Fall Classic
327,cpu/1997-10-19-f55d983d,CPU,19-10-1997,Canada,BC,Chilliwack,Provincials
328,cpu/1997-11-08-0f192072,CPU,08-11-1997,Canada,PE,Charlottetown,Eastern Canadian BP Championships
329,cpu/1997-11-08-64617aa8,CPU,08-11-1997,Canada,PE,Charlottetown,Eastern Canadian Powerlifting Championships
330,cpu/1998-02-20-24692678,CPU,20-02-1998,Canada,SK,Moose Jaw,BP Nationals
331,cpu/1998-02-20-520e0322,CPU,20-02-1998,Canada,SK,Moose Jaw,Nationals
332,cpu/1998-02-20-934e8114,CPU,20-02-1998,Canada,SK,Moose Jaw,Masters BP Nationals
333,cpu/1998-02-20-b2ebf14e,CPU,20-02-1998,Canada,SK,Moose Jaw,Masters Nationals
334,cpu/1998-02-20-ca5f65ac,CPU,20-02-1998,Canada,SK,Moose Jaw,Junior Nationals
335,cpu/1998-02-20-e009bd29,CPU,20-02-1998,Canada,SK,Moose Jaw,Junior BP Nationals
336,cpu/1998-03-01-a672baf1,CPU,01-03-1998,Canada,BC,Nanaimo,BC Mens' Provincial Championship
337,cpu/1998-03-01-f55d983d,CPU,01-03-1998,Canada,BC,Nanaimo,Provincials
338,cpu/1998-04-04-3ca2331c,CPU,04-04-1998,Canada,AB,Calgary,Western Canadian BP Invitational
339,cpu/1998-04-04-c307bb8b,CPU,04-04-1998,Canada,AB,Calgary,Western Canadian Special Olympics Invitational
340,cpu/1998-04-04-c88d3ab8,CPU,04-04-1998,Canada,AB,Calgary,Western Canadian Open Invitational
341,cpu/1998-04-04-f55d983d,CPU,04-04-1998,Canada,QC,Baie-Comeau,Provincials
342,cpu/1998-04-04-fe0d8fc3,CPU,04-04-1998,Canada,QC,Baie-Comeau,BP Provincials
343,cpu/1998-04-25-f55d983d,CPU,25-04-1998,Canada,NL,Cornerbrook,Provincials
344,cpu/1998-04-25-fe0d8fc3,CPU,25-04-1998,Canada,NL,Cornerbrook,BP Provincials
345,cpu/1998-05-17-520e0322,CPU,17-05-1998,Canada,BC,Richmond,Nationals
346,cpu/1998-06-13-280ca179,CPU,13-06-1998,Canada,,,1998 Lower Mainland Open
347,cpu/1998-06-13-56f53beb,CPU,13-06-1998,Canada,,,1998 Lower Mainland BP Only
348,cpu/1998-08-01-98aec0e1,CPU,01-08-1998,Canada,NL,,1998 YMCA August Classic
349,cpu/1998-09-13-478b879e,CPU,13-09-1998,Canada,QC,St-Lambert,1998 Southern Quebec Open Bench Press
350,cpu/1998-10-03-f55d983d,CPU,03-10-1998,Canada,AB,Vegreville,Provincials
351,cpu/1998-10-03-fe0d8fc3,CPU,03-10-1998,Canada,AB,Vegreville,BP Provincials
352,cpu/1998-10-10-ed3c1532,CPU,10-10-1998,Canada,BC,Coquitlam,1998 Fall Classic
353,cpu/1998-10-10-f55d983d,CPU,10-10-1998,Canada,BC,Coquitlam,Provincials
354,cpu/1998-10-24-8dc59241,CPU,24-10-1998,Canada,SK,Moose Jaw,Moose Jaw Open Powerlifting
355,cpu/1998-10-24-b0b051ca,CPU,24-10-1998,Canada,SK,Moose Jaw,Moose Jaw Special Olympics Powerlifting
356,cpu/1998-11-07-05b6fedf,CPU,07-11-1998,Canada,QC,Rimouski,1998 Eastern Quebec Powerlifting Qualifier
357,cpu/1998-11-07-7c899e8f,CPU,07-11-1998,Canada,QC,Rimouski,1998 Eastern Quebec Bench Press Qualifier
358,cpu/1998-11-07-c20f38c2,CPU,07-11-1998,Canada,MB,Winnipeg,1998 Keystone Classic
359,cpu/1999-01-01-01fe09cc,CPU,01-01-1999,Canada,MB,Winnipeg,1999 Manitoba Open
360,cpu/1999-01-01-1eb2c044,CPU,01-01-1999,Canada,MB,Winnipeg,1999 Keystone Klassic
361,cpu/1999-01-24-656b83bf,CPU,24-01-1999,Canada,QC,Rock-Forest,QPF 1999 Winter Bench Press Challenge
362,cpu/1999-01-24-da68c4ec,CPU,24-01-1999,Canada,QC,Rock-Forest,QPF 1999 Winter Powerlifting Challenge
363,cpu/1999-01-30-acf5c857,CPU,30-01-1999,Canada,ON,Cornwall,1999 SDO Powerlifting Qualifier
364,cpu/1999-01-30-f55d983d,CPU,30-01-1999,Canada,ON,Cornwall,Provincials
365,cpu/1999-02-21-f55d983d,CPU,21-02-1999,Canada,BC,Surrey,Provincials
366,cpu/1999-03-05-24692678,CPU,05-03-1999,Canada,QC,Sherbrooke,BP Nationals
367,cpu/1999-03-05-520e0322,CPU,05-03-1999,Canada,QC,Sherbrooke,Nationals
368,cpu/1999-03-05-934e8114,CPU,05-03-1999,Canada,QC,Sherbrooke,Masters BP Nationals
369,cpu/1999-03-05-b2ebf14e,CPU,05-03-1999,Canada,QC,Sherbrooke,Masters Nationals
370,cpu/1999-03-05-ca5f65ac,CPU,05-03-1999,Canada,QC,Sherbrooke,Junior Nationals
371,cpu/1999-03-05-e009bd29,CPU,05-03-1999,Canada,QC,Sherbrooke,Junior BP Nationals
372,cpu/1999-03-20-0e2b6096,CPU,20-03-1999,Canada,ON,Guelph,1999 Guelph Open Powerlifting Championships
373,cpu/1999-05-01-8284bb08,CPU,01-05-1999,Canada,PE,Charlottetown,1999 CPU Men's Open
374,cpu/1999-05-15-1c66252f,CPU,15-05-1999,Canada,ON,London,London Open Powerlifting Championships
375,cpu/1999-05-16-f55d983d,CPU,16-05-1999,Canada,QC,Ste-Marie de Beauce,Provincials
376,cpu/1999-05-16-fe0d8fc3,CPU,16-05-1999,Canada,QC,Ste-Marie de Beauce,BP Provincials
377,cpu/1999-06-26-bcb902ff,CPU,26-06-1999,Canada,BC,Chilliwack,1999 Chilliwack Open
378,cpu/1999-06-26-d65e06e7,CPU,26-06-1999,Canada,MB,Winnipeg,1999 Manitoba Bench Only
379,cpu/1999-07-04-ae1150b4,CPU,04-07-1999,Canada,ON,Brockville,Megaton's Riverfest Open Deadlift Bench Press
380,cpu/1999-07-10-22d48f51,CPU,10-07-1999,Canada,ON,Toronto,1999 Toronto Blind Powerlifting Championships
381,cpu/1999-07-10-3e883c20,CPU,10-07-1999,Canada,ON,Toronto,1999 Toronto Open Powerlifting Championships
382,cpu/1999-08-06-a48e63fb,CPU,06-08-1999,Canada,MB,Winnipeg,1999 Manitoba Closed
383,cpu/1999-08-07-36f14cc1,CPU,07-08-1999,Canada,AB,Leduc,Master BP Provincials
384,cpu/1999-08-07-3a706d7a,CPU,07-08-1999,Canada,AB,Leduc,Junior BP Provincials
385,cpu/1999-08-07-53c94874,CPU,07-08-1999,Canada,AB,Leduc,Western Canadian Championships
386,cpu/1999-08-07-6fa6cf43,CPU,07-08-1999,Canada,AB,Leduc,Masters Provincials
387,cpu/1999-08-07-cc43c217,CPU,07-08-1999,Canada,NL,,1999 Classic Powerlifting Championships
388,cpu/1999-08-07-f48c71c4,CPU,07-08-1999,Canada,AB,Leduc,Junior Provincials
389,cpu/1999-08-07-f55d983d,CPU,07-08-1999,Canada,AB,Leduc,Provincials
390,cpu/1999-08-07-fe0d8fc3,CPU,07-08-1999,Canada,AB,Leduc,BP Provincials
391,cpu/1999-08-22-de13fe40,CPU,22-08-1999,Canada,ON,Ottawa,1999 Eastern Ontario Open Powerlifting Championships
392,cpu/1999-09-12-27b91044,CPU,12-09-1999,Canada,QC,St-Lambert,1999 Southern Quebec Bench Press Challenge
393,cpu/1999-10-23-22d6a069,CPU,23-10-1999,Canada,PE,Charlottetown,Eastern Canadian Powerlifting Open
394,cpu/1999-10-23-64617aa8,CPU,23-10-1999,Canada,PE,Charlottetown,Eastern Canadian Powerlifting Championships
395,cpu/1999-10-24-f55d983d,CPU,24-10-1999,Canada,ON,North Bay,Provincials
396,cpu/1999-10-30-7033f444,CPU,30-10-1999,Canada,BC,Coquitlam,1999 Fall Classic
397,cpu/1999-11-05-b7955616,CPU,05-11-1999,Canada,SK,Moose Jaw,1999 Saskatchewan Open Powerlifting
398,cpu/1999-11-05-eb2871bf,CPU,05-11-1999,Canada,SK,Moose Jaw,1999 Saskatchewan Special Olympics Powerlifting
399,cpu/1999-11-05-ef2fad29,CPU,05-11-1999,Canada,SK,Moose Jaw,1999 Saskatchewan Powerlifting
400,cpu/1999-11-21-4f79dadb,CPU,21-11-1999,Canada,ON,Toronto,1999 Toronto Open Bench Press Championships
401,cpu/1999-11-21-96820ed6,CPU,21-11-1999,Canada,ON,Toronto,1999 Toronto Open Dead Lift Championships
402,cpu/1999-11-27-4f8ccddd,CPU,27-11-1999,Canada,QC,Beauceville,Beaceville Fall Powerlifting Championships
403,cpu/1999-11-27-8ba55523,CPU,27-11-1999,Canada,QC,Beauceville,Beaceville Fall Open Powerlifting Championships
404,cpu/1999-11-27-f163842e,CPU,27-11-1999,Canada,AB,Calgary,APU Bench Press Championships
405,cpu/1999-11-27-f3e120ed,CPU,27-11-1999,Canada,AB,Calgary,APU Powerlifting Championships
406,cpu/1999-12-05-adf75bd4,CPU,05-12-1999,Canada,ON,Guelph,1999 Guelph Invitational Powerlifting Championships
407,cpu/1999-12-11-a8d41d2a,CPU,11-12-1999,Canada,NL,,1999 Newfoundland Bench Only Meet
408,cpu/1999-12-11-bfe986d5,CPU,11-12-1999,Canada,NL,,1999 Newfoundland Open
409,cpu/1999-12-18-6fa6cf43,CPU,18-12-1999,Canada,ON,Toronto,Masters Provincials
410,cpu/1999-12-18-f48c71c4,CPU,18-12-1999,Canada,ON,Toronto,Junior Provincials
411,cpu/1999-12-18-fe0d8fc3,CPU,18-12-1999,Canada,ON,Toronto,BP Provincials
412,cpu/2000-01-08-1346c372,CPU,08-01-2000,Canada,ON,Toronto,Ontario SDO Regional Powerlifting Championship
413,cpu/2000-01-08-153c55bd,CPU,08-01-2000,Canada,ON,Toronto,Ontario Regional Powerlifting Championship
414,cpu/2000-01-29-f55d983d,CPU,29-01-2000,Canada,QC,Rimouski,Provincials
415,cpu/2000-01-29-fe0d8fc3,CPU,29-01-2000,Canada,QC,Rimouski,BP Provincials
416,cpu/2000-02-24-96cbd582,CPU,24-02-2000,Canada,SK,Moose Jaw,CBSA Nationals
417,cpu/2000-02-25-520e0322,CPU,25-02-2000,Canada,SK,Moose Jaw,Nationals
418,cpu/2000-02-25-b2ebf14e,CPU,25-02-2000,Canada,SK,Moose Jaw,Masters Nationals
419,cpu/2000-02-25-ca5f65ac,CPU,25-02-2000,Canada,SK,Moose Jaw,Junior Nationals
420,cpu/2000-02-26-520e0322,CPU,26-02-2000,Canada,SK,Moose Jaw,Nationals
421,cpu/2000-02-26-b2ebf14e,CPU,26-02-2000,Canada,SK,Moose Jaw,Masters Nationals
422,cpu/2000-02-26-ca5f65ac,CPU,26-02-2000,Canada,SK,Moose Jaw,Junior Nationals
423,cpu/2000-02-27-24692678,CPU,27-02-2000,Canada,SK,Moose Jaw,BP Nationals
424,cpu/2000-02-27-934e8114,CPU,27-02-2000,Canada,SK,Moose Jaw,Masters BP Nationals
425,cpu/2000-02-27-e009bd29,CPU,27-02-2000,Canada,SK,Moose Jaw,Junior BP Nationals
426,cpu/2000-03-25-1fc11d66,CPU,25-03-2000,Canada,NL,,2001 Open Powerlifting Meet
427,cpu/2000-03-25-47dfb44e,CPU,25-03-2000,Canada,NL,,2002 Open Powerlifting Meet
428,cpu/2000-03-25-59eac041,CPU,25-03-2000,Canada,NL,,2000 High School Powerlifting Meet
429,cpu/2000-03-25-9ee47841,CPU,25-03-2000,Canada,NL,,2000 Open Powerlifting Meet
430,cpu/2000-03-25-c6fad169,CPU,25-03-2000,Canada,NL,,2003 Open Powerlifting Meet
431,cpu/2000-04-15-21d7bfed,CPU,15-04-2000,Canada,AB,Edmonton,PowerSurge 2000 BP Open
432,cpu/2000-04-15-d173cc4d,CPU,15-04-2000,Canada,AB,Edmonton,PowerSurge 2000 Open
433,cpu/2000-04-16-9e2643d5,CPU,16-04-2000,Canada,QC,Rock Forest,2000 OPA/QPF Powerlifting Challenge
434,cpu/2000-05-21-f55d983d,CPU,21-05-2000,Canada,BC,Vancouver,Provincials
435,cpu/2000-06-03-052e3d04,CPU,03-06-2000,Canada,ON,London,London Open Powerlifting Championship
436,cpu/2000-06-24-8e67cd0d,CPU,24-06-2000,Canada,BC,Burnaby,2000 Summer Open
437,cpu/2000-07-02-ae1150b4,CPU,02-07-2000,Canada,ON,Brockville,Megaton's Riverfest Open Deadlift Bench Press
438,cpu/2000-07-08-4c23e6e3,CPU,08-07-2000,Canada,ON,Toronto,7th Annual Toronto Open Powerlifting Meet
439,cpu/2000-07-08-55e9787e,CPU,08-07-2000,Canada,ON,Toronto,7th Annual Toronto Blind Powerlifting Meet
440,cpu/2000-08-05-a81b1d2f,CPU,05-08-2000,Canada,NL,Corner Brook,2000 August Classic
441,cpu/2000-08-05-af68eca5,CPU,05-08-2000,Canada,ON,Guelph,Eastern Central Canadian Open Powerlifting Championships
442,cpu/2000-09-16-936a848d,CPU,16-09-2000,Canada,QC,Levis,Quebec Push and Pull
443,cpu/2000-09-26-3225ef8e,CPU,26-09-2000,Canada,ON,Toronto,Ontario Senior Women and Intermediate Men Powerlifting Championships
444,cpu/2000-10-21-3a706d7a,CPU,21-10-2000,Canada,AB,Leduc,Junior BP Provincials
445,cpu/2000-10-21-6fa6cf43,CPU,21-10-2000,Canada,AB,Leduc,Masters Provincials
446,cpu/2000-10-21-7ff72a04,CPU,21-10-2000,Canada,AB,Leduc,Masters BP Provincials
447,cpu/2000-10-21-f48c71c4,CPU,21-10-2000,Canada,AB,Leduc,Junior Provincials
448,cpu/2000-10-21-f55d983d,CPU,21-10-2000,Canada,AB,Leduc,Provincials
449,cpu/2000-10-21-fe0d8fc3,CPU,21-10-2000,Canada,AB,Leduc,BP Provincials
450,cpu/2000-10-29-020273af,CPU,29-10-2000,Canada,BC,Chilliwack,2011 Fall Classic
451,cpu/2000-10-29-15af5707,CPU,29-10-2000,Canada,BC,Chilliwack,2008 Fall Classic
452,cpu/2000-10-29-26f64931,CPU,29-10-2000,Canada,BC,Chilliwack,2000 Fall Classic
453,cpu/2000-10-29-3f5ac62a,CPU,29-10-2000,Canada,BC,Chilliwack,2004 Fall Classic
454,cpu/2000-10-29-433be3f1,CPU,29-10-2000,Canada,BC,Chilliwack,2007 Fall Classic
455,cpu/2000-10-29-5a976cea,CPU,29-10-2000,Canada,BC,Chilliwack,2003 Fall Classic
456,cpu/2000-10-29-7e635674,CPU,29-10-2000,Canada,BC,Chilliwack,2012 Fall Classic
457,cpu/2000-10-29-86a11dc2,CPU,29-10-2000,Canada,BC,Chilliwack,2014 Fall Classic
458,cpu/2000-10-29-88a0b671,CPU,29-10-2000,Canada,BC,Chilliwack,2009 Fall Classic
459,cpu/2000-10-29-9f0d92d9,CPU,29-10-2000,Canada,BC,Chilliwack,2010 Fall Classic
460,cpu/2000-10-29-a255275c,CPU,29-10-2000,Canada,BC,Chilliwack,2005 Fall Classic
461,cpu/2000-10-29-bbf9a847,CPU,29-10-2000,Canada,BC,Chilliwack,2001 Fall Classic
462,cpu/2000-10-29-c7988d9c,CPU,29-10-2000,Canada,BC,Chilliwack,2002 Fall Classic
463,cpu/2000-10-29-de340287,CPU,29-10-2000,Canada,BC,Chilliwack,2006 Fall Classic
464,cpu/2000-10-29-e36cb702,CPU,29-10-2000,Canada,BC,Chilliwack,2013 Fall Classic
465,cpu/2000-11-04-6ea4db11,CPU,04-11-2000,Canada,PE,Charlottetown,2000 Eastern Canadian Championships
466,cpu/2000-11-25-6ab191be,CPU,25-11-2000,Canada,SK,Moose Jaw,2000 Western Canadian Powerlifting Championships
467,cpu/2000-11-25-a8836d2d,CPU,25-11-2000,Canada,SK,Moose Jaw,2000 Western Canadian Bench Press Championships
468,cpu/2000-11-26-c5cd583b,CPU,26-11-2000,Canada,ON,Toronto,8th Annual Toronto Open Deadlift Bench Press
469,cpu/2000-12-03-6fa6cf43,CPU,03-12-2000,Canada,ON,Brockville,Masters Provincials
470,cpu/2000-12-03-f48c71c4,CPU,03-12-2000,Canada,ON,Brockville,Junior Provincials
471,cpu/2000-12-03-fe0d8fc3,CPU,03-12-2000,Canada,ON,Brockville,BP Provincials
472,cpu/2001-01-01-d52f3662,CPU,01-01-2001,Canada,NS,,2001 Nova Scotia Open Powerlifting Competition
473,cpu/2001-02-17-088f2048,CPU,17-02-2001,Canada,AB,Airdrie,Alberta High School BP Championships
474,cpu/2001-02-17-28479fb3,CPU,17-02-2001,Canada,AB,Airdrie,Airdrie BP Open
475,cpu/2001-02-17-441ccdf0,CPU,17-02-2001,Canada,AB,Airdrie,Airdrie Open
476,cpu/2001-02-18-05160349,CPU,18-02-2001,Canada,BC,Vancouver,2001 BC Winter Open
477,cpu/2001-03-30-520e0322,CPU,30-03-2001,Canada,QC,Quebec City,Nationals
478,cpu/2001-03-30-96cbd582,CPU,30-03-2001,Canada,QC,Quebec City,CBSA Nationals
479,cpu/2001-03-30-b2ebf14e,CPU,30-03-2001,Canada,QC,Quebec City,Masters Nationals
480,cpu/2001-03-30-ca5f65ac,CPU,30-03-2001,Canada,QC,Quebec City,Junior Nationals
481,cpu/2001-04-01-24692678,CPU,01-04-2001,Canada,QC,Quebec City,BP Nationals
482,cpu/2001-04-01-934e8114,CPU,01-04-2001,Canada,QC,Quebec City,Masters BP Nationals
483,cpu/2001-04-01-e009bd29,CPU,01-04-2001,Canada,QC,Quebec City,Junior BP Nationals
484,cpu/2001-04-22-230c3c3e,CPU,22-04-2001,Canada,BC,Coquitlam,Special Olympics Provincials
485,cpu/2001-04-22-ab7ec3d1,CPU,22-04-2001,Canada,BC,Coquitlam,Disabled BP Provincials
486,cpu/2001-04-22-f55d983d,CPU,22-04-2001,Canada,BC,Coquitlam,Provincials
487,cpu/2001-04-22-fe0d8fc3,CPU,22-04-2001,Canada,BC,Coquitlam,BP Provincials
488,cpu/2001-04-28-3c13ded4,CPU,28-04-2001,Canada,QC,Ste Marie de Beauce,QPF Powerlifting Championship
489,cpu/2001-04-28-e119425c,CPU,28-04-2001,Canada,QC,Ste Marie de Beauce,QPF Novice and Open Powerlifting Championship
490,cpu/2001-05-05-67c673b8,CPU,05-05-2001,Canada,ON,Waterloo,12th Annual Deadlift Open
491,cpu/2001-05-26-06c4f2c1,CPU,26-05-2001,Canada,ON,London,8th Annual London Open Powerlifting Championships
492,cpu/2001-05-26-1c752c22,CPU,26-05-2001,Canada,ON,London,10th Annual London Open Powerlifting Championships
493,cpu/2001-05-26-32117137,CPU,26-05-2001,Canada,ON,London,6th Annual London Open Powerlifting Championships
494,cpu/2001-05-26-3af4e3b2,CPU,26-05-2001,Canada,ON,London,1st Annual London Open Powerlifting Championships
495,cpu/2001-05-26-78880643,CPU,26-05-2001,Canada,ON,London,5th Annual London Open Powerlifting Championships
496,cpu/2001-05-26-899cddd2,CPU,26-05-2001,Canada,ON,London,9th Annual London Open Powerlifting Championships
497,cpu/2001-05-26-932d0331,CPU,26-05-2001,Canada,ON,London,11th Annual London Open Powerlifting Championships
498,cpu/2001-05-26-a7239fdf,CPU,26-05-2001,Canada,ON,London,0th Annual London Open Powerlifting Championships
499,cpu/2001-05-26-bd495e24,CPU,26-05-2001,Canada,ON,London,7th Annual London Open Powerlifting Championships
500,cpu/2001-05-26-c13cc39c,CPU,26-05-2001,Canada,ON,London,2nd Annual London Open Powerlifting Championships
501,cpu/2001-05-26-d9b47445,CPU,26-05-2001,Canada,ON,London,12th Annual London Open Powerlifting Championships
502,cpu/2001-05-26-e3a1fe1c,CPU,26-05-2001,Canada,ON,London,3rd Annual London Open Powerlifting Championships
503,cpu/2001-05-26-f7d02950,CPU,26-05-2001,Canada,ON,London,4th Annual London Open Powerlifting Championships
504,cpu/2001-06-09-0547596c,CPU,09-06-2001,Canada,BC,New Westminster,BC Summer Open
505,cpu/2001-06-09-68457de9,CPU,09-06-2001,Canada,BC,New Westminster,BC High School BP Championships
506,cpu/2001-06-09-92af3b75,CPU,09-06-2001,Canada,BC,New Westminster,BC High School Powerlifting Championships
507,cpu/2001-06-23-bf6e9ff2,CPU,23-06-2001,Canada,MB,Winnipeg,2001 Can-Man Open
508,cpu/2001-06-23-d52f3662,CPU,23-06-2001,Canada,NS,,2001 Nova Scotia Open Powerlifting Competition
509,cpu/2001-08-05-cf942e4d,CPU,05-08-2001,Canada,ON,Guelph,Guelph Open Powerlifting Championships
510,cpu/2001-08-11-06738cbe,CPU,11-08-2001,Canada,NL,Corner Brook,2001 August Classic
511,cpu/2001-09-01-82ab554f,CPU,01-09-2001,Canada,AB,Calgary,2001 Western Canadian Bench Press Championships
512,cpu/2001-09-01-c927b9f2,CPU,01-09-2001,Canada,AB,Calgary,2001 Western Canadian Powerlifting Championships
513,cpu/2001-09-15-34ea97f0,CPU,15-09-2001,Canada,ON,Brockville,CBSA Provincials
514,cpu/2001-09-15-f55d983d,CPU,15-09-2001,Canada,ON,Brockville,Provincials
515,cpu/2001-11-11-1cc8386b,CPU,11-11-2001,Canada,BC,Williams Lake,BC Fall Classic
516,cpu/2001-11-11-9ee2d27b,CPU,11-11-2001,Canada,BC,Williams Lake,BC Fall Classic High School Division
517,cpu/2001-11-11-b093de16,CPU,11-11-2001,Canada,BC,Williams Lake,BC Fall Classic BP Division
518,cpu/2001-11-11-cf5a69d9,CPU,11-11-2001,Canada,BC,Williams Lake,BC Fall Classic Special Olympics
519,cpu/2001-11-11-f55d983d,CPU,11-11-2001,Canada,BC,Williams Lake,Provincials
520,cpu/2001-11-17-697810f5,CPU,17-11-2001,Canada,QC,St-Georges de Beauce,2001 Beauce Powerlifting Championships
521,cpu/2001-11-17-df39088a,CPU,17-11-2001,Canada,QC,St-Georges de Beauce,2001 Beauce Open Powerlifting Championships
522,cpu/2001-11-17-f55d983d,CPU,17-11-2001,Canada,AB,Wetaskiwin,Provincials
523,cpu/2001-11-17-fe0d8fc3,CPU,17-11-2001,Canada,AB,Wetaskiwin,BP Provincials
524,cpu/2001-12-01-0241be98,CPU,01-12-2001,Canada,PE,Charlottetown,1995 Eastern Canadian Powerlifting Championships
525,cpu/2001-12-01-0419bf6a,CPU,01-12-2001,Canada,PE,Charlottetown,1989 Eastern Canadian Bench Press Championships
526,cpu/2001-12-01-046c3749,CPU,01-12-2001,Canada,PE,Charlottetown,2001 Eastern Canadian Powerlifting Championships
527,cpu/2001-12-01-07976a15,CPU,01-12-2001,Canada,PE,Charlottetown,1990 Eastern Canadian Bench Press Championships
528,cpu/2001-12-01-1e237dba,CPU,01-12-2001,Canada,PE,Charlottetown,2001 Eastern Canadian Bench Press Championships
529,cpu/2001-12-01-2133f713,CPU,01-12-2001,Canada,PE,Charlottetown,1988 Eastern Canadian Powerlifting Championships
530,cpu/2001-12-01-2dbf5277,CPU,01-12-2001,Canada,PE,Charlottetown,1991 Eastern Canadian Bench Press Championships
531,cpu/2001-12-01-2e318708,CPU,01-12-2001,Canada,PE,Charlottetown,1988 Eastern Canadian Bench Press Championships
532,cpu/2001-12-01-340b45d8,CPU,01-12-2001,Canada,PE,Charlottetown,2000 Eastern Canadian Bench Press Championships
533,cpu/2001-12-01-3d8ac00d,CPU,01-12-2001,Canada,PE,Charlottetown,1996 Eastern Canadian Powerlifting Championships
534,cpu/2001-12-01-421c3d27,CPU,01-12-2001,Canada,PE,Charlottetown,1990 Eastern Canadian Powerlifting Championships
535,cpu/2001-12-01-53c71ad1,CPU,01-12-2001,Canada,PE,Charlottetown,1992 Eastern Canadian Bench Press Championships
536,cpu/2001-12-01-58f1d315,CPU,01-12-2001,Canada,PE,Charlottetown,1986 Eastern Canadian Bench Press Championships
537,cpu/2001-12-01-5efa6c80,CPU,01-12-2001,Canada,PE,Charlottetown,1998 Eastern Canadian Powerlifting Championships
538,cpu/2001-12-01-72d9eb77,CPU,01-12-2001,Canada,PE,Charlottetown,1987 Eastern Canadian Bench Press Championships
539,cpu/2001-12-01-79ef22b3,CPU,01-12-2001,Canada,PE,Charlottetown,1993 Eastern Canadian Bench Press Championships
540,cpu/2001-12-01-7dd743b2,CPU,01-12-2001,Canada,PE,Charlottetown,1993 Eastern Canadian Powerlifting Championships
541,cpu/2001-12-01-82a5df5f,CPU,01-12-2001,Canada,PE,Charlottetown,1989 Eastern Canadian Powerlifting Championships
542,cpu/2001-12-01-851fb3ff,CPU,01-12-2001,Canada,PE,Charlottetown,1995 Eastern Canadian Bench Press Championships
543,cpu/2001-12-01-8da7af44,CPU,01-12-2001,Canada,PE,Charlottetown,1998 Eastern Canadian Bench Press Championships
544,cpu/2001-12-01-9e1ce841,CPU,01-12-2001,Canada,PE,Charlottetown,1997 Eastern Canadian Powerlifting Championships
545,cpu/2001-12-01-a1d796d4,CPU,01-12-2001,Canada,PE,Charlottetown,1994 Eastern Canadian Powerlifting Championships
546,cpu/2001-12-01-a78f9726,CPU,01-12-2001,Canada,PE,Charlottetown,1999 Eastern Canadian Bench Press Championships
547,cpu/2001-12-01-a7fa1f05,CPU,01-12-2001,Canada,PE,Charlottetown,2000 Eastern Canadian Powerlifting Championships
548,cpu/2001-12-01-af378b9d,CPU,01-12-2001,Canada,PE,Charlottetown,1994 Eastern Canadian Bench Press Championships
549,cpu/2001-12-01-de416bfe,CPU,01-12-2001,Canada,PE,Charlottetown,1992 Eastern Canadian Powerlifting Championships
550,cpu/2001-12-01-e18a156b,CPU,01-12-2001,Canada,PE,Charlottetown,1991 Eastern Canadian Powerlifting Championships
551,cpu/2001-12-01-e1d573d2,CPU,01-12-2001,Canada,PE,Charlottetown,1987 Eastern Canadian Powerlifting Championships
552,cpu/2001-12-01-fb67fb59,CPU,01-12-2001,Canada,PE,Charlottetown,1996 Eastern Canadian Bench Press Championships
553,cpu/2001-12-01-fd6c44cc,CPU,01-12-2001,Canada,PE,Charlottetown,1999 Eastern Canadian Powerlifting Championships
554,cpu/2001-12-02-f55d983d,CPU,02-12-2001,Canada,ON,Cambridge,Provincials
555,cpu/2001-12-02-fe0d8fc3,CPU,02-12-2001,Canada,ON,Cambridge,BP Provincials
556,cpu/2001-12-08-4f4b958e,CPU,08-12-2001,Canada,BC,Nanaimo,2001 Vancouver Island High School Powerlifting Championships
557,cpu/2002-02-02-48363645,CPU,02-02-2002,Canada,SK,Moose Jaw,CPU Invitational Open Powerlifting Championship
558,cpu/2002-02-02-5d361a02,CPU,02-02-2002,Canada,QC,Levis,Provincial
559,cpu/2002-02-02-6421c30a,CPU,02-02-2002,Canada,SK,Moose Jaw,Special Olympics Powerlifting Championships
560,cpu/2002-02-02-8569d005,CPU,02-02-2002,Canada,QC,Levis,Quebec Open Bench Press Championship
561,cpu/2002-02-02-cdb9033d,CPU,02-02-2002,Canada,QC,Levis,Quebec Open Powerlifting Championship
562,cpu/2002-02-02-d6fec5cd,CPU,02-02-2002,Canada,QC,Levis,BP Provincial
563,cpu/2002-02-02-e9890620,CPU,02-02-2002,Canada,SK,Moose Jaw,CPU Invitational Bench Press Championship
564,cpu/2002-03-22-be0a0449,CPU,22-03-2002,Canada,NS,Yarmouth,2002 CPU Nationals
565,cpu/2002-04-06-b5fccc8f,CPU,06-04-2002,Canada,BC,Vancouver,2002 BC Provincial Championships
566,cpu/2003-01-19-d2755d4d,CPU,19-01-2003,Canada,BC,Nanaimo,BC Winter Open
567,cpu/2003-02-01-cfe0e845,CPU,01-02-2003,Canada,ON,Niagara,Niagara Open
568,cpu/2003-02-15-906f0880,CPU,15-02-2003,Canada,QC,St. Georges,QPF Provincial Champ.
569,cpu/2003-03-01-98064b01,CPU,01-03-2003,Canada,AB,Falun,Alberta Open
570,cpu/2003-03-09-f53c3469,CPU,09-03-2003,Canada,ON,Kitchener,Steel City Open
571,cpu/2003-03-14-c1fb84d1,CPU,14-03-2003,Canada,MB,Winnipeg,CPU Nationals
572,cpu/2003-03-15-c1fb84d1,CPU,15-03-2003,Canada,MB,Winnipeg,CPU Nationals
573,cpu/2003-03-16-c1fb84d1,CPU,16-03-2003,Canada,MB,Winnipeg,CPU Nationals
574,cpu/2003-04-05-1ff6a1d6,CPU,05-04-2003,Canada,QC,Ste-Marie,Ste-Marie Benchpress
575,cpu/2003-05-10-95a2419d,CPU,10-05-2003,Canada,ON,Kitchener,Ontario Bench Qualifier
576,cpu/2003-05-11-95b5d092,CPU,11-05-2003,Canada,QC,Rimouski,Eastern Quebec Open
577,cpu/2003-05-25-42cf9711,CPU,25-05-2003,Canada,BC,Vancouver,BC Provincial Championship
578,cpu/2003-06-07-2046bfb1,CPU,07-06-2003,Canada,AB,Sherwood Park,Western Canadians
579,cpu/2003-06-07-fcfe1fea,CPU,07-06-2003,Canada,ON,London,London Open
580,cpu/2003-07-06-36c1f98e,CPU,06-07-2003,Canada,ON,Toronto,Toronto Open
581,cpu/2003-09-20-bd5c1015,CPU,20-09-2003,Canada,ON,Kitchener,Ontario Senior and Intermediates
582,cpu/2003-10-24-6c8ed8ce,CPU,24-10-2003,Canada,ON,St. Thomas,St. Thomas Open
583,cpu/2003-11-02-53429268,CPU,02-11-2003,Canada,QC,Rock Forest,Atlantis Challenge
584,cpu/2003-11-09-1cc8386b,CPU,09-11-2003,Canada,BC,Chilliwack,BC Fall Classic
585,cpu/2003-11-22-6c98797f,CPU,22-11-2003,Canada,QC,Levis,Levis Open
586,cpu/2003-12-06-5786258c,CPU,06-12-2003,Canada,AB,Calgary,Alberta Provincials
587,cpu/2003-12-07-1b42ffa8,CPU,07-12-2003,Canada,ON,Kitchener,Ontario Benchpress
588,cpu/2003-12-07-1cde9674,CPU,07-12-2003,Canada,ON,Kitchener,Ontario Junior and Masters
589,cpu/2004-01-24-2d0c308b,CPU,24-01-2004,Canada,SK,Swift Current,2004 Saskatchewan Provincial
590,cpu/2004-01-24-5ea9f46a,CPU,24-01-2004,Canada,QC,Ste-Marie de Beauce,Ste-Marie Bench Qualifier
591,cpu/2004-01-24-cfe0e845,CPU,24-01-2004,Canada,ON,Niagara,Niagara Open
592,cpu/2004-02-01-7f4fde5f,CPU,01-02-2004,Canada,BC,Nanaimo,2004 BC Winter Open
593,cpu/2004-02-01-9f1b16d9,CPU,01-02-2004,Canada,BC,Nanaimo,2004 BC Winter Open Benchpress
594,cpu/2004-02-21-e2c618d1,CPU,21-02-2004,Canada,QC,Ste-Marie de Beauce,Ste-Marie Qualifier
595,cpu/2004-03-18-9cf0d0bb,CPU,18-03-2004,Canada,ON,Kitchener,2004 CPU Nationals
596,cpu/2004-03-21-1b011bb6,CPU,21-03-2004,Canada,ON,Kitchener,2004 CPU National Benchpress
597,cpu/2004-04-18-4055d8e2,CPU,18-04-2004,Canada,BC,Vancouver,2004 BC Championship
598,cpu/2004-04-18-f53c3469,CPU,18-04-2004,Canada,ON,Hamilton,Steel City Open
599,cpu/2004-04-18-f5827618,CPU,18-04-2004,Canada,BC,Vancouver,2004 BC Benchpress Champ.
600,cpu/2004-05-01-e9f0a063,CPU,01-05-2004,Canada,ON,Hamilton,Ontario Benchpress Qualifier
601,cpu/2004-05-08-3a2eb93f,CPU,08-05-2004,Canada,NL,Fortune,Newfoundland Open
602,cpu/2004-05-08-a41c4e59,CPU,08-05-2004,Canada,NS,Bridgewater,Nova Scotia Provincials
603,cpu/2004-05-09-2cea8e45,CPU,09-05-2004,Canada,AB,Falun,Alberta High School Open
604,cpu/2004-05-15-7b65c0f6,CPU,15-05-2004,Canada,QC,Ste-Marie de Beauce,Beauce Open
605,cpu/2004-06-05-a63b06c3,CPU,05-06-2004,Canada,SK,Moose Jaw,Moose Pull Benchpress
606,cpu/2004-06-05-fcfe1fea,CPU,05-06-2004,Canada,ON,London,London Open
607,cpu/2004-06-12-331b4c1e,CPU,12-06-2004,Canada,AB,Leduc,2004 APU Provincial Benchpress
608,cpu/2004-06-12-576a2da1,CPU,12-06-2004,Canada,AB,Leduc,2004 APU Provincial Champ.
609,cpu/2004-06-13-abbb2ca1,CPU,13-06-2004,Canada,MB,Winnipeg,2004 Manitoba Open
610,cpu/2004-06-26-2a157d53,CPU,26-06-2004,Canada,BC,Kelowna,2004 Western Canadian
611,cpu/2004-06-26-2dd40386,CPU,26-06-2004,Canada,BC,Kelowna,2004 Western Canadian Benchpress
612,cpu/2004-07-18-36c1f98e,CPU,18-07-2004,Canada,ON,Toronto,Toronto Open
613,cpu/2004-08-28-118b0d95,CPU,28-08-2004,Canada,ON,Toronto,Ontario Intermediates
614,cpu/2004-09-19-f70e4524,CPU,19-09-2004,Canada,ON,Toronto,Ontario Senior Men and Women
615,cpu/2004-10-17-eebf8f52,CPU,17-10-2004,Canada,QC,Ste. Marie de Beauce,Southern Quebec Champ.
616,cpu/2004-10-23-f1f703a8,CPU,23-10-2004,Canada,AB,Calgary,Calgary Open
617,cpu/2004-11-06-842c088f,CPU,06-11-2004,Canada,NL,Stephenville,2004 Eastern Canadian Benchpress
618,cpu/2004-11-06-fe1a9f05,CPU,06-11-2004,Canada,NL,Stephenville,2004 Eastern Canadians
619,cpu/2004-11-14-051ece18,CPU,14-11-2004,Canada,BC,Chilliwack,2004 BC Fall Classic Benchpress
620,cpu/2004-11-14-efdc73a0,CPU,14-11-2004,Canada,BC,Chilliwack,2004 BC Fall Classic
621,cpu/2004-11-20-1b42ffa8,CPU,20-11-2004,Canada,ON,Toronto,Ontario Benchpress
622,cpu/2004-11-21-bd9d6604,CPU,21-11-2004,Canada,ON,Toronto,Ontario Junior and Master
623,cpu/2004-11-27-2004c6fe,CPU,27-11-2004,Canada,AB,Edmonton,Power Surge
624,cpu/2004-11-27-75b1e408,CPU,27-11-2004,Canada,QC,Ste-Marie de Beauce,QPF Provincial and Open Championship
625,cpu/2004-11-27-8f52bc71,CPU,27-11-2004,Canada,MB,Winnipeg,Keystone Classic
626,cpu/2005-01-22-31a061c9,CPU,22-01-2005,Canada,ON,Niagara,2005 Niagara Open
627,cpu/2005-01-25-812e74d7,CPU,25-01-2005,Canada,SK,N. Battleford,Sask PL Champ. 2005
628,cpu/2005-01-29-47933bd9,CPU,29-01-2005,Canada,SK,N. Battleford,Sask. Bench Champ. 2005
629,cpu/2005-02-12-f6b078cb,CPU,12-02-2005,Canada,MB,Winnipeg,Manitoba Open
630,cpu/2005-02-13-76fc3c91,CPU,13-02-2005,Canada,BC,Surrey,BC Winter Open Bench
631,cpu/2005-02-13-d2755d4d,CPU,13-02-2005,Canada,BC,Surrey,BC Winter Open
632,cpu/2005-02-20-b82b28b1,CPU,20-02-2005,Canada,QC,Levis,Levis Open Championship
633,cpu/2005-02-20-d051929e,CPU,20-02-2005,Canada,QC,Levis,Levis Open Benchpress
634,cpu/2005-04-07-250b0b53,CPU,07-04-2005,Canada,AB,Calgary,2005 CPU Nationals
635,cpu/2005-04-30-7b65c0f6,CPU,30-04-2005,Canada,QC,Ste-Marie de Beauce,Beauce Open
636,cpu/2005-04-30-bf15c473,CPU,30-04-2005,Canada,QC,Ste-Marie de Beauce,Beauce Benchpress
637,cpu/2005-05-07-a03445a0,CPU,07-05-2005,Canada,NS,Sackville,Nova Scotia Prov. Bench
638,cpu/2005-05-07-c2e04433,CPU,07-05-2005,Canada,NS,Sackville,Nova Scotia Provincial
639,cpu/2005-05-14-fcfe1fea,CPU,14-05-2005,Canada,ON,London,London Open
640,cpu/2005-06-25-6cdbe800,CPU,25-06-2005,Canada,NL,Gander,Nfld./Lab. Bench Only
641,cpu/2005-06-25-f1723726,CPU,25-06-2005,Canada,NL,Gander,Nfld./Lab. PL Champ.
642,cpu/2005-06-26-1465c8fd,CPU,26-06-2005,Canada,MB,Winnipeg,2005 Powerfest
643,cpu/2005-06-26-5ca4b35b,CPU,26-06-2005,Canada,BC,Vancouver,BC Provincial Benchpress
644,cpu/2005-06-26-eae3da16,CPU,26-06-2005,Canada,BC,Vancouver,BC Provincial Champ.
645,cpu/2005-07-17-640e3b10,CPU,17-07-2005,Canada,ON,Toronto,Toronto Open Benchpress
646,cpu/2005-07-17-a9a2a1e8,CPU,17-07-2005,Canada,ON,Toronto,Toronto Open Champ.
647,cpu/2005-08-13-17a3ec12,CPU,13-08-2005,Canada,QC,Ste-Marie,Ste-Marie Sport Festival Benchpress
648,cpu/2005-08-13-41b0a00e,CPU,13-08-2005,Canada,QC,Ste-Marie,Ste-Marie Sport Festival
649,cpu/2005-08-27-11961ea4,CPU,27-08-2005,Canada,AB,Edmonton,APU Provincials
650,cpu/2005-09-10-f2fba291,CPU,10-09-2005,Canada,NS,Yarmouth,2005 Atlantics
651,cpu/2005-09-24-8bea14f9,CPU,24-09-2005,Canada,ON,London,Ontario Seniors
652,cpu/2005-10-16-a0278716,CPU,16-10-2005,Canada,QC,Rock Forest,Southern Quebec Championship
653,cpu/2005-10-16-f53c3469,CPU,16-10-2005,Canada,ON,Brantford,Steel City Open
654,cpu/2005-10-22-2046bfb1,CPU,22-10-2005,Canada,SK,Moose Jaw,Western Canadians
655,cpu/2005-10-29-c67b725a,CPU,29-10-2005,Canada,NL,Stephenville,Eastern Canadian Champ.
656,cpu/2005-11-13-1cc8386b,CPU,13-11-2005,Canada,BC,Chilliwack,BC Fall Classic
657,cpu/2005-11-26-b4bea768,CPU,26-11-2005,Canada,MB,Winnipeg,Wing 17 Championship
658,cpu/2005-11-27-1b42ffa8,CPU,27-11-2005,Canada,ON,Waterloo,Ontario Benchpress
659,cpu/2005-11-27-8b8e039f,CPU,27-11-2005,Canada,ON,Waterloo,Ontario Masters and Juniors
660,cpu/2005-11-27-c95b3282,CPU,27-11-2005,Canada,QC,Rimouski,Quebec Provincial
661,cpu/2005-12-27-bb939bda,CPU,27-12-2005,Canada,NL,Fortune,Fortune Open
662,cpu/2006-01-21-cfe0e845,CPU,21-01-2006,Canada,ON,St. Catharines,Niagara Open
663,cpu/2006-01-28-f1f703a8,CPU,28-01-2006,Canada,AB,Calgary,Calgary Open
664,cpu/2006-02-05-f6b078cb,CPU,05-02-2006,Canada,MB,Winnipeg,Manitoba Open
665,cpu/2006-02-11-7aade0c8,CPU,11-02-2006,Canada,BC,Vancouver,BCPA Winter Open
666,cpu/2006-02-26-2511bce8,CPU,26-02-2006,Canada,QC,Quebec City,Evolugym Open
667,cpu/2006-04-08-774d42a4,CPU,08-04-2006,Canada,BC,Chilliwack,Canadian Nationals
668,cpu/2006-04-09-774d42a4,CPU,09-04-2006,Canada,BC,Chilliwack,Canadian Nationals
669,cpu/2006-04-29-118b0d95,CPU,29-04-2006,Canada,ON,Waterloo,Ontario Intermediates
670,cpu/2006-05-07-2928f58e,CPU,07-05-2006,Canada,QC,Ste-Marie de Beauce,QPF Junior Sub-Junior Provincials
671,cpu/2006-05-13-c2e04433,CPU,13-05-2006,Canada,NS,Sackville,Nova Scotia Provincial
672,cpu/2006-06-03-5786258c,CPU,03-06-2006,Canada,AB,Edmonton,Alberta Provincials
673,cpu/2006-06-10-41b0a00e,CPU,10-06-2006,Canada,QC,Ste-Marie,Ste-Marie Sport Festival
674,cpu/2006-06-11-b6442a84,CPU,11-06-2006,Canada,NL,St. John's,Newfoundland Provincial Champ.
675,cpu/2006-06-17-bd894027,CPU,17-06-2006,Canada,MB,Winnipeg,Manitoba Powerfest
676,cpu/2006-06-25-b3419329,CPU,25-06-2006,Canada,BC,Vancouver,BC Championship
677,cpu/2006-07-29-b95500bd,CPU,29-07-2006,Canada,ON,Guelph,Iron Foundation Open
678,cpu/2006-08-19-2046bfb1,CPU,19-08-2006,Canada,AB,Edmonton,Western Canadians
679,cpu/2006-09-23-1b42ffa8,CPU,23-09-2006,Canada,ON,Belle River,Ontario Benchpress
680,cpu/2006-09-23-8bea14f9,CPU,23-09-2006,Canada,ON,Belle River,Ontario Seniors
681,cpu/2006-10-14-2fbb09d7,CPU,14-10-2006,Canada,SK,Regina,Saskatchewan Provincials
682,cpu/2006-10-21-371afa8c,CPU,21-10-2006,Canada,NL,Stephenville,Eastern Canadians
683,cpu/2006-11-05-1cc8386b,CPU,05-11-2006,Canada,BC,Chilliwack,BC Fall Classic
684,cpu/2006-11-18-0d077720,CPU,18-11-2006,Canada,NS,Truro,Truro Fall Classic
685,cpu/2006-11-18-5c394bff,CPU,18-11-2006,Canada,QC,Beauceville,QPF Provincials
686,cpu/2006-11-25-41e3d66c,CPU,25-11-2006,Canada,MB,Winnipeg,17 Wing Championship
687,cpu/2006-11-26-76eb4e19,CPU,26-11-2006,Canada,ON,Brantford,Ontario Master and Juniors
688,cpu/2006-12-31-f7807daa,CPU,31-12-2006,Canada,SK,Regina,Last Chance Invitational
689,cpu/2007-01-20-cfe0e845,CPU,20-01-2007,Canada,ON,Niagara,Niagara Open
690,cpu/2007-01-28-d2755d4d,CPU,28-01-2007,Canada,BC,Vancouver,BC Winter Open
691,cpu/2007-01-28-f4cfad10,CPU,28-01-2007,Canada,AB,Edmonton,Alberta Qualifier
692,cpu/2007-02-04-550d2573,CPU,04-02-2007,Canada,NS,Sydney,Sydney Open
693,cpu/2007-02-11-f6b078cb,CPU,11-02-2007,Canada,MB,Winnipeg,Manitoba Open
694,cpu/2007-03-29-774d42a4,CPU,29-03-2007,Canada,NS,Dartmouth,Canadian Nationals
695,cpu/2007-03-30-774d42a4,CPU,30-03-2007,Canada,NS,Dartmouth,Canadian Nationals
696,cpu/2007-03-31-774d42a4,CPU,31-03-2007,Canada,NS,Dartmouth,Canadian Nationals
697,cpu/2007-04-01-774d42a4,CPU,01-04-2007,Canada,NS,Dartmouth,Canadian Nationals
698,cpu/2007-04-14-6c8ed8ce,CPU,14-04-2007,Canada,ON,St. Thomas,St. Thomas Open
699,cpu/2007-05-12-118b0d95,CPU,12-05-2007,Canada,ON,Waterloo,Ontario Intermediates
700,cpu/2007-05-12-1b42ffa8,CPU,12-05-2007,Canada,ON,Waterloo,Ontario Benchpress
701,cpu/2007-06-02-b3419329,CPU,02-06-2007,Canada,BC,Vancouver,BC Championship
702,cpu/2007-06-02-c2e04433,CPU,02-06-2007,Canada,NS,Greenwood,Nova Scotia Provincial
703,cpu/2007-06-09-546ff355,CPU,09-06-2007,Canada,ON,Belle River,Belle River Power Pit
704,cpu/2007-06-10-a01afa10,CPU,10-06-2007,Canada,MB,Winnipeg,Summer Challenge
705,cpu/2007-06-16-41b0a00e,CPU,16-06-2007,Canada,QC,Ste-Marie,Ste-Marie Sport Festival
706,cpu/2007-06-16-cadf224a,CPU,16-06-2007,Canada,NL,Gander,Newfoundland Labrador Provincial
707,cpu/2007-06-30-28f20a20,CPU,30-06-2007,Canada,AB,Pincher Creek,Alberta Provincial Championship
708,cpu/2007-07-21-a9a7ba78,CPU,21-07-2007,Canada,ON,Ottawa,Capital Barbell 1st Annual
709,cpu/2007-08-05-2fbb09d7,CPU,05-08-2007,Canada,SK,Melville,Saskatchewan Provincials
710,cpu/2007-08-11-0547596c,CPU,11-08-2007,Canada,BC,Kelowna,BC Summer Open
711,cpu/2007-09-08-de0d7e38,CPU,08-09-2007,Canada,NS,Falmouth,Nova Scotia Record Setter
712,cpu/2007-09-29-3c5c25a9,CPU,29-09-2007,Canada,ON,Emeryville,Ontario Seniors Benchpress
713,cpu/2007-09-29-8bea14f9,CPU,29-09-2007,Canada,ON,Emeryville,Ontario Seniors
714,cpu/2007-10-05-71d7a51d,CPU,05-10-2007,Canada,QC,Levis,Levis BP and PL Qualifier
715,cpu/2007-10-11-490cf4ec,CPU,11-10-2007,Canada,QC,Sept-Iles,Sept-Iles BP Qualifier
716,cpu/2007-10-13-26de1527,CPU,13-10-2007,Canada,QC,Sept-Iles,Quebec BP Qualifier
717,cpu/2007-10-20-62113048,CPU,20-10-2007,Canada,QC,Sept-Iles,Quebec PL Qualifier
718,cpu/2007-10-27-371afa8c,CPU,27-10-2007,Canada,NL,Stephenville,Eastern Canadians
719,cpu/2007-11-03-55e24fe0,CPU,03-11-2007,Canada,ON,London,London Qualifier
720,cpu/2007-11-04-1cc8386b,CPU,04-11-2007,Canada,BC,Chilliwack,BC Fall Classic
721,cpu/2007-11-11-35760f3a,CPU,11-11-2007,Canada,QC,Rimouski,QPF Provincial and Eastern Championship
722,cpu/2007-11-24-0d077720,CPU,24-11-2007,Canada,NS,Truro,Truro Fall Classic
723,cpu/2007-11-24-75b134a7,CPU,24-11-2007,Canada,MB,Winnipeg,Western Canadian Championship
724,cpu/2007-12-15-f8e55b05,CPU,15-12-2007,Canada,ON,London,Ontario Masters Juniors and Sub Juniors
725,cpu/2007-12-16-532919c8,CPU,16-12-2007,Canada,QC,Quebec City,Evolugym Closed Contest
726,cpu/2008-01-26-20a31723,CPU,26-01-2008,Canada,PE,Charlottetown,PEI Provincials
727,cpu/2008-01-26-4a41c6f9,CPU,26-01-2008,Canada,SK,Swift Current,Swift Current Open
728,cpu/2008-01-26-cfe0e845,CPU,26-01-2008,Canada,ON,Niagara,Niagara Open
729,cpu/2008-02-10-03561a41,CPU,10-02-2008,Canada,BC,Vancouver,2008 Winter Open
730,cpu/2008-02-10-d86d0d97,CPU,10-02-2008,Canada,BC,Vancouver,2008 BC Winter Open
731,cpu/2008-02-17-2511bce8,CPU,17-02-2008,Canada,QC,Quebec City,Evolugym Open
732,cpu/2008-02-23-118b0d95,CPU,23-02-2008,Canada,ON,St. Thomas,Ontario Intermediates
733,cpu/2008-02-23-38ed3e18,CPU,23-02-2008,Canada,AB,Edmonton,UAPA Open
734,cpu/2008-02-23-67ff21a9,CPU,23-02-2008,Canada,NS,Halifax,East Coast Fitness Qualifier
735,cpu/2008-02-23-6c8ed8ce,CPU,23-02-2008,Canada,ON,St. Thomas,St. Thomas Open
736,cpu/2008-02-24-066175d3,CPU,24-02-2008,Canada,MB,Winnipeg,Last Chance Benchpress
737,cpu/2008-04-10-10930ceb,CPU,10-04-2008,Canada,ON,St Catherines,Canadian Championship
738,cpu/2008-04-13-10930ceb,CPU,13-04-2008,Canada,ON,St Catherines,Canadian Championship
739,cpu/2008-05-31-a41c4e59,CPU,31-05-2008,Canada,NS,Sydney,Nova Scotia Provincials
740,cpu/2008-06-07-e1535193,CPU,07-06-2008,Canada,ON,Belle River,Power Pit Open
741,cpu/2008-06-14-043c6866,CPU,14-06-2008,Canada,NL,Gander,Newfoundland and Lab Provincials
742,cpu/2008-06-14-41b0a00e,CPU,14-06-2008,Canada,QC,Ste-Marie,Ste-Marie Sport Festival
743,cpu/2008-06-15-b3419329,CPU,15-06-2008,Canada,BC,Vancouver,BC Championship
744,cpu/2008-06-15-f7c045d7,CPU,15-06-2008,Canada,BC,Vancouver,BC Provincials
745,cpu/2008-06-22-5d204f66,CPU,22-06-2008,Canada,MB,Winnipeg,June Contest
746,cpu/2008-06-22-61de8c43,CPU,22-06-2008,Canada,MB,Winnipeg,June Bench Only
747,cpu/2008-07-12-28f20a20,CPU,12-07-2008,Canada,AB,Edmonton,Alberta Provincial Championship
748,cpu/2008-07-19-95d21837,CPU,19-07-2008,Canada,ON,Ottawa,Capital Barbell Open
749,cpu/2008-08-09-2046bfb1,CPU,09-08-2008,Canada,SK,Moose Jaw,Western Canadians
750,cpu/2008-09-13-fcfe1fea,CPU,13-09-2008,Canada,ON,London,London Open
751,cpu/2008-10-04-d2845b81,CPU,04-10-2008,Canada,AB,Edmonton,UAPA Fall Invitaional
752,cpu/2008-10-10-6f5272d7,CPU,10-10-2008,Canada,QC,Levis,Levis Qualifier
753,cpu/2008-10-11-33a1ff9e,CPU,11-10-2008,Canada,NL,Stephenville,Eastern Canadian Championship
754,cpu/2008-10-12-2fbb09d7,CPU,12-10-2008,Canada,SK,Moose Jaw,Saskatchewan Provincials
755,cpu/2008-10-18-56251628,CPU,18-10-2008,Canada,QC,Baie Comeau,North Shore Open
756,cpu/2008-10-18-c33afa43,CPU,18-10-2008,Canada,ON,Emeryville,Ontario Senior Provincials
757,cpu/2008-11-15-41e3d66c,CPU,15-11-2008,Canada,MB,Winnipeg,17 Wing Championship
758,cpu/2008-11-16-d3528946,CPU,16-11-2008,Canada,QC,Quebec City,Quebec Provincial Championship
759,cpu/2008-11-22-ba47a2b3,CPU,22-11-2008,Canada,NS,Falmouth,Falmouth Invitational
760,cpu/2008-11-23-81b29779,CPU,23-11-2008,Canada,BC,Vancouver,BCPA Fall Classic
761,cpu/2008-12-06-100ee8db,CPU,06-12-2008,Canada,ON,Ottawa,Ontario Masters
762,cpu/2008-12-06-f360007f,CPU,06-12-2008,Canada,ON,Ottawa,Ontario Sub-Juniors and Juniors
763,cpu/2008-12-20-6f13a30f,CPU,20-12-2008,Canada,SK,Moose Jaw,Last Chance Open
764,cpu/2009-01-24-20a31723,CPU,24-01-2009,Canada,PE,Charlottetown,PEI Provincials
765,cpu/2009-01-24-cfe0e845,CPU,24-01-2009,Canada,ON,St. Catharines,Niagara Open
766,cpu/2009-01-24-ed53f900,CPU,24-01-2009,Canada,AB,Medicine Hat,Viking Open
767,cpu/2009-02-03-6f13a30f,CPU,03-02-2009,Canada,MB,Winnipeg,Last Chance Open
768,cpu/2009-02-08-6f13a30f,CPU,08-02-2009,Canada,MB,Winnipeg,Last Chance Open
769,cpu/2009-02-15-7aade0c8,CPU,15-02-2009,Canada,BC,Vancouver,BCPA Winter Open
770,cpu/2009-02-21-57f24185,CPU,21-02-2009,Canada,QC,Jonquiere,Saguenay Open
771,cpu/2009-04-02-4d8e5368,CPU,02-04-2009,Canada,SK,Moose Jaw,Canadian National Championship
772,cpu/2009-04-05-65939af0,CPU,05-04-2009,Canada,SK,Moose Jaw,Canadian National Benchpress
773,cpu/2009-04-25-6c8ed8ce,CPU,25-04-2009,Canada,ON,St. Thomas,St. Thomas Open
774,cpu/2009-05-30-a41c4e59,CPU,30-05-2009,Canada,NS,Antigonish,Nova Scotia Provincials
775,cpu/2009-06-06-e1535193,CPU,06-06-2009,Canada,ON,Belle River,Power Pit Open
776,cpu/2009-06-07-42cf9711,CPU,07-06-2009,Canada,BC,Vancouver,BC Provincial Championship
777,cpu/2009-06-13-41b0a00e,CPU,13-06-2009,Canada,QC,Ste-Marie,Ste-Marie Sport Festival
778,cpu/2009-06-13-e153f6da,CPU,13-06-2009,Canada,NL,St. John's,Newfoundland Provincials
779,cpu/2009-06-13-ffe9ce44,CPU,13-06-2009,Canada,MB,Portage la Prairie,Portage Strength Classic
780,cpu/2009-07-11-5786258c,CPU,11-07-2009,Canada,AB,Medicine Hat,Alberta Provincials
781,cpu/2009-07-18-6e3ba503,CPU,18-07-2009,Canada,ON,Ottawa,Ottawa Open
782,cpu/2009-07-25-e09dc5cd,CPU,25-07-2009,Canada,PE,Charlottetown,Pit Raw
783,cpu/2009-08-29-fcfe1fea,CPU,29-08-2009,Canada,ON,London,London Open
784,cpu/2009-09-19-8e653149,CPU,19-09-2009,Canada,QC,Quebec City,Quebec Regional Qualifier
785,cpu/2009-10-03-89d57aec,CPU,03-10-2009,Canada,ON,Ottawa,Ontario Provincials
786,cpu/2009-10-03-c10adfb8,CPU,03-10-2009,Canada,QC,Baie-Comeau,QPF North Shore Open
787,cpu/2009-10-24-1cc8386b,CPU,24-10-2009,Canada,BC,Vancouver,BC Fall Classic
788,cpu/2009-10-25-3feb8177,CPU,25-10-2009,Canada,SK,Esterhazy,Saskatchewan Provincial Championship
789,cpu/2009-11-07-fffecd06,CPU,07-11-2009,Canada,ON,Emeryville,Ontario Intermediates and Provincial Bench
790,cpu/2009-11-21-75b134a7,CPU,21-11-2009,Canada,AB,Edmonton,Western Canadian Championship
791,cpu/2009-11-28-33a1ff9e,CPU,28-11-2009,Canada,PE,Charlottetown,Eastern Canadian Championship
792,cpu/2009-11-28-6f13a30f,CPU,28-11-2009,Canada,ON,Ottawa,Last Chance Open
793,cpu/2009-11-28-8f52bc71,CPU,28-11-2009,Canada,MB,Winnipeg,Keystone Classic
794,cpu/2009-11-29-061fe967,CPU,29-11-2009,Canada,QC,St-Georges,QPF Provincials and FQD Benchpress
795,cpu/2009-12-31-6f13a30f,CPU,31-12-2009,Canada,SK,Weyburn,Last Chance Open
796,cpu/2010-01-23-20a31723,CPU,23-01-2010,Canada,PE,Charlottetown,PEI Provincials
797,cpu/2010-01-23-6500e82a,CPU,23-01-2010,Canada,ON,St. Catherines,Ontario Provincial Championship
798,cpu/2010-01-31-d2755d4d,CPU,31-01-2010,Canada,BC,Vancouver,BC Winter Open
799,cpu/2010-01-31-f9e151fd,CPU,31-01-2010,Canada,AB,Medicine Hat,2010 Viking Open
800,cpu/2010-02-06-f6b078cb,CPU,06-02-2010,Canada,MB,Winnipeg,Manitoba Open
801,cpu/2010-02-13-1de50726,CPU,13-02-2010,Canada,QC,Montreal,Montreal Earthquake
802,cpu/2010-02-28-a4672b71,CPU,28-02-2010,Canada,SK,Moose Jaw,Saskatchewan Qualifier
803,cpu/2010-04-07-10930ceb,CPU,07-04-2010,Canada,QC,Quebec City,Canadian Championship
804,cpu/2010-04-07-eabe686f,CPU,07-04-2010,Canada,QC,Quebec City,Canadian Benchpress Championship
805,cpu/2010-04-08-6c8ed8ce,CPU,08-04-2010,Canada,ON,St. Thomas,St. Thomas Open
806,cpu/2010-05-29-e6eabedf,CPU,29-05-2010,Canada,NS,Antigonish,Nova Scotia Provincial Championship
807,cpu/2010-06-05-6c6d605d,CPU,05-06-2010,Canada,ON,Belle River,Belle River Open
808,cpu/2010-06-12-41b0a00e,CPU,12-06-2010,Canada,QC,Ste-Marie,Ste-Marie Sport Festival
809,cpu/2010-06-13-42cf9711,CPU,13-06-2010,Canada,BC,Vancouver,BC Provincial Championship
810,cpu/2010-06-13-4aa34ebb,CPU,13-06-2010,Canada,MB,Dauphin,Power In The Parkland
811,cpu/2010-06-13-5786258c,CPU,13-06-2010,Canada,AB,Medicine Hat,Alberta Provincials
812,cpu/2010-06-19-5258a1ea,CPU,19-06-2010,Canada,ON,Ottawa,Special Athlete Contest
813,cpu/2010-06-26-ef4f866c,CPU,26-06-2010,Canada,NL,Stephenville,Newfoundland Provincial Championship
814,cpu/2010-07-17-6e3ba503,CPU,17-07-2010,Canada,ON,Ottawa,Ottawa Open
815,cpu/2010-08-05-3d542adf,CPU,05-08-2010,Canada,AB,Medicine Hat,Medicine Hat Open
816,cpu/2010-08-14-d5fc149c,CPU,14-08-2010,Canada,PE,Charlottetown,Atlantic Raw Record Breakers
817,cpu/2010-08-21-cfe0e845,CPU,21-08-2010,Canada,ON,St. Catherines,Niagara Open
818,cpu/2010-09-25-6f5272d7,CPU,25-09-2010,Canada,QC,Levis,Levis Qualifier
819,cpu/2010-09-25-d49cf282,CPU,25-09-2010,Canada,QC,Baie-Comeau,Valhalla Qualifier
820,cpu/2010-10-16-2fbb09d7,CPU,16-10-2010,Canada,SK,Moose Jaw,Saskatchewan Provincials
821,cpu/2010-10-30-2004c6fe,CPU,30-10-2010,Canada,AB,Edmonton,Power Surge
822,cpu/2010-10-30-43589899,CPU,30-10-2010,Canada,ON,Hamilton,Phoenix Open
823,cpu/2010-11-06-18717635,CPU,06-11-2010,Canada,QC,Baie-Comeau,Quebec Provincials
824,cpu/2010-11-13-33a1ff9e,CPU,13-11-2010,Canada,NL,St. Johns,Eastern Canadian Championship
825,cpu/2010-11-13-6633c0ca,CPU,13-11-2010,Canada,MB,Winnipeg,17th Wing Championship
826,cpu/2010-11-13-75b134a7,CPU,13-11-2010,Canada,BC,Vancouver,Western Canadian Championship
827,cpu/2010-11-20-118b0d95,CPU,20-11-2010,Canada,ON,Ottawa,Ontario Intermediates
828,cpu/2010-11-20-1a27d851,CPU,20-11-2010,Canada,ON,Ottawa,Ontario Benchpress Championship
829,cpu/2010-11-20-e1b9981e,CPU,20-11-2010,Canada,ON,Ottawa,Ontario Womens Open
830,cpu/2010-11-27-eaa7f157,CPU,27-11-2010,Canada,PE,Charlottetown,PEI Open
831,cpu/2011-01-15-6f20b51c,CPU,15-01-2011,Canada,PE,Charlottetown,PEI Provincial Championship
832,cpu/2011-01-22-6500e82a,CPU,22-01-2011,Canada,ON,London,Ontario Provincial Championship
833,cpu/2011-01-31-550d2573,CPU,31-01-2011,Canada,NS,Sydney,Sydney Open
834,cpu/2011-02-05-19246c47,CPU,05-02-2011,Canada,NL,St. John's,Last Chance Qualifier
835,cpu/2011-02-13-7aade0c8,CPU,13-02-2011,Canada,BC,Vancouver,BCPA Winter Open
836,cpu/2011-02-19-57f24185,CPU,19-02-2011,Canada,QC,Jonquiere,Saguenay Open
837,cpu/2011-02-20-942812a3,CPU,20-02-2011,Canada,ON,North Bay,Canadore College 'classic rules'
838,cpu/2011-02-27-19246c47,CPU,27-02-2011,Canada,PE,Charlottetown,Last Chance Qualifier
839,cpu/2011-03-05-1de50726,CPU,05-03-2011,Canada,QC,Montreal,Montreal Earthquake
840,cpu/2011-03-29-10930ceb,CPU,29-03-2011,Canada,PE,Charlottetown,Canadian Championship
841,cpu/2011-03-29-eabe686f,CPU,29-03-2011,Canada,PE,Charlottetown,Canadian Benchpress Championship
842,cpu/2011-06-04-66d62176,CPU,04-06-2011,Canada,ON,Belle River,Belle River 3-Lift and Benchpress
843,cpu/2011-06-11-a41c4e59,CPU,11-06-2011,Canada,NS,Greenwood,Nova Scotia Provincials
844,cpu/2011-06-11-d305ff6e,CPU,11-06-2011,Canada,QC,Ste-Marie,Ste-Marie Festival
845,cpu/2011-06-11-ffe9ce44,CPU,11-06-2011,Canada,MB,Portage LaPrairie,Portage Strength Classic
846,cpu/2011-06-12-42cf9711,CPU,12-06-2011,Canada,BC,Vancouver,BC Provincial Championship
847,cpu/2011-06-18-becda45d,CPU,18-06-2011,Canada,SK,Moose Jaw,Unparalleled Open
848,cpu/2011-06-18-e153f6da,CPU,18-06-2011,Canada,NL,St. Johns,Newfoundland Provincials
849,cpu/2011-06-18-e78684d8,CPU,18-06-2011,Canada,ON,Toronto,Toronto Supershow
850,cpu/2011-06-25-972ad0d4,CPU,25-06-2011,Canada,ON,Mississauga,UTM Championship
851,cpu/2011-07-08-28f20a20,CPU,08-07-2011,Canada,AB,Calgary,Alberta Provincial Championship
852,cpu/2011-07-09-28f20a20,CPU,09-07-2011,Canada,AB,Calgary,Alberta Provincial Championship
853,cpu/2011-07-16-4f8993bf,CPU,16-07-2011,Canada,PE,Charlottetown,Atlantic Raw
854,cpu/2011-07-17-812f4a38,CPU,17-07-2011,Canada,ON,Ottawa,Ottawa Bench Only
855,cpu/2011-07-17-b4e74d8a,CPU,17-07-2011,Canada,ON,Ottawa,Ottawa Classic and Open
856,cpu/2011-08-28-fcfe1fea,CPU,28-08-2011,Canada,ON,London,London Open
857,cpu/2011-09-17-600c62df,CPU,17-09-2011,Canada,QC,Baie-Comeau,Defi D'Odin
858,cpu/2011-10-01-d27bbf39,CPU,01-10-2011,Canada,AB,Calgary,Calgary Festival Of Strength
859,cpu/2011-10-17-019913e8,CPU,17-10-2011,Canada,MB,Winnipeg,Power In The Parkland II
860,cpu/2011-10-29-2fbb09d7,CPU,29-10-2011,Canada,SK,Saskatoon,Saskatchewan Provincials
861,cpu/2011-10-29-33a1ff9e,CPU,29-10-2011,Canada,PE,Charlottetown,Eastern Canadian Championship
862,cpu/2011-10-30-18717635,CPU,30-10-2011,Canada,QC,St-Georges,Quebec Provincials
863,cpu/2011-11-06-1cc8386b,CPU,06-11-2011,Canada,BC,Vancouver,BC Fall Classic
864,cpu/2011-11-12-d64aa996,CPU,12-11-2011,Canada,NL,St. John's,Classic National Championship
865,cpu/2011-11-26-1a27d851,CPU,26-11-2011,Canada,ON,Belle River,Ontario Benchpress Championship
866,cpu/2011-11-26-6c6d605d,CPU,26-11-2011,Canada,ON,Belle River,Belle River Open
867,cpu/2011-11-26-75b134a7,CPU,26-11-2011,Canada,AB,Edmonton,Western Canadian Championship
868,cpu/2011-12-12-a3df82bb,CPU,12-12-2011,Canada,SK,Moose Jaw,Last Chance 2011
869,cpu/2012-01-21-6500e82a,CPU,21-01-2012,Canada,ON,Ottawa,Ontario Provincial Championship
870,cpu/2012-01-21-9d433ef4,CPU,21-01-2012,Canada,AB,Medicine Hat,Viking III Open
871,cpu/2012-01-28-20a31723,CPU,28-01-2012,Canada,PE,Charlottetown,PEI Provincials
872,cpu/2012-02-04-11b14f0d,CPU,04-02-2012,Canada,QC,Jonquiere,Saquenay Open
873,cpu/2012-02-05-497da2bc,CPU,05-02-2012,Canada,MB,Winnipeg,17 Wing Open
874,cpu/2012-02-12-2302a4b8,CPU,12-02-2012,Canada,SK,Weyburn,Weyburn Open
875,cpu/2012-02-18-1de50726,CPU,18-02-2012,Canada,QC,Montreal,Montreal Earthquake
876,cpu/2012-03-18-43421d4f,CPU,18-03-2012,Canada,ON,North Bay,College Challenge
877,cpu/2012-04-10-10930ceb,CPU,10-04-2012,Canada,AB,Calgary,Canadian Championship
878,cpu/2012-05-17-fcfe1fea,CPU,17-05-2012,Canada,ON,London,London Open
879,cpu/2012-05-26-a41c4e59,CPU,26-05-2012,Canada,NS,Digby,Nova Scotia Provincials
880,cpu/2012-06-02-e78684d8,CPU,02-06-2012,Canada,ON,Toronto,Toronto Supershow
881,cpu/2012-06-03-71fc206e,CPU,03-06-2012,Canada,BC,Vancouver,BC Provincial Championships
882,cpu/2012-06-09-c35cc0f4,CPU,09-06-2012,Canada,ON,Belle River,Belle River
883,cpu/2012-06-09-e9612e5d,CPU,09-06-2012,Canada,QC,Ste Marie,Ste Marie Sport Festival
884,cpu/2012-06-23-becda45d,CPU,23-06-2012,Canada,SK,Moose Jaw,Unparalleled Open
885,cpu/2012-06-24-18915940,CPU,24-06-2012,Canada,ON,Mississauga,UTM Open Classic
886,cpu/2012-06-24-4aa34ebb,CPU,24-06-2012,Canada,MB,Dauphin,Power In The Parkland
887,cpu/2012-07-07-ef4f866c,CPU,07-07-2012,Canada,NL,St. Johns,Newfoundland Provincial Championship
888,cpu/2012-07-15-28f20a20,CPU,15-07-2012,Canada,AB,Redcliff,Alberta Provincial Championship
889,cpu/2012-07-17-6e3ba503,CPU,17-07-2012,Canada,ON,Ottawa,Ottawa Open
890,cpu/2012-08-18-75b134a7,CPU,18-08-2012,Canada,SK,Moose Jaw,Western Canadian Championship
891,cpu/2012-08-18-cfe0e845,CPU,18-08-2012,Canada,ON,St. Catharines,Niagara Open
892,cpu/2012-09-08-8ac17044,CPU,08-09-2012,Canada,PE,Charlottetown,Atlantics
893,cpu/2012-09-15-6c6d605d,CPU,15-09-2012,Canada,ON,Belle River,Belle River Open
894,cpu/2012-10-01-6ed58973,CPU,01-10-2012,Canada,ON,North Bay,Northern Ontario Open
895,cpu/2012-10-06-5c394bff,CPU,06-10-2012,Canada,QC,Jonquiere,QPF Provincials
896,cpu/2012-10-13-d27bbf39,CPU,13-10-2012,Canada,AB,Calgary,Calgary Festival Of Strength
897,cpu/2012-10-15-6e3ba503,CPU,15-10-2012,Canada,ON,Ottawa,Ottawa Open
898,cpu/2012-11-04-1cc8386b,CPU,04-11-2012,Canada,BC,Abbotsford,BC Fall Classic
899,cpu/2012-11-09-2fbb09d7,CPU,09-11-2012,Canada,SK,Moose Jaw,Saskatchewan Provincials
900,cpu/2012-11-17-371afa8c,CPU,17-11-2012,Canada,NS,Digby,Eastern Canadians
901,cpu/2012-11-18-bcbdf216,CPU,18-11-2012,Canada,MB,Winnipeg,Keystone Klassic
902,cpu/2012-12-01-bf56c8a5,CPU,01-12-2012,Canada,AB,Edmonton,Powersurge III
903,cpu/2012-12-02-f2008363,CPU,02-12-2012,Canada,QC,Quebec City,Evolugym
904,cpu/2012-12-08-1cac8aa9,CPU,08-12-2012,Canada,QC,Montreal,Epicentre Open and Novice
905,cpu/2012-12-15-1a27d851,CPU,15-12-2012,Canada,ON,Belle River,Ontario Benchpress Championship
906,cpu/2012-12-15-2d8f7e98,CPU,15-12-2012,Canada,ON,Belle River,Ontario Classic Championship
907,cpu/2012-12-15-7aade0c8,CPU,15-12-2012,Canada,BC,Vancouver,BCPA Winter Open
908,cpu/2012-12-16-2d8f7e98,CPU,16-12-2012,Canada,ON,Belle River,Ontario Classic Championship
909,cpu/2012-12-29-f7807daa,CPU,29-12-2012,Canada,SK,Moose Jaw,Last Chance Invitational
910,cpu/2013-01-06-665da861,CPU,06-01-2013,Canada,AB,Calgary,Avi Silverberg BP Classic
911,cpu/2013-01-12-20a31723,CPU,12-01-2013,Canada,PE,Souris,PEI Provincials
912,cpu/2013-01-19-437dd3bc,CPU,19-01-2013,Canada,NS,Halifax,Optimyz Live
913,cpu/2013-01-19-989a7824,CPU,19-01-2013,Canada,QC,Jonquiere,FQD Classic
914,cpu/2013-01-26-1d3f38cf,CPU,26-01-2013,Canada,ON,London,Ontario Equipped Provincials
915,cpu/2013-02-09-77db7a05,CPU,09-02-2013,Canada,SK,Regina,Regina Open
916,cpu/2013-02-10-7aade0c8,CPU,10-02-2013,Canada,BC,Richmond,BCPA Winter Open
917,cpu/2013-02-11-497da2bc,CPU,11-02-2013,Canada,MB,Winnipeg,17 Wing Open
918,cpu/2013-03-20-dbfa7b0c,CPU,20-03-2013,Canada,BC,Richmond,2013 Canadian Championship
919,cpu/2013-04-06-2ef784f6,CPU,06-04-2013,Canada,QC,Drummondville,Central Quebec Challenge
920,cpu/2013-04-20-e7dc12dc,CPU,20-04-2013,Canada,AB,Calgary,Strive To Qualify
921,cpu/2013-04-26-72ce1aba,CPU,26-04-2013,Canada,NS,Shearwater,Formation Bench Challenge
922,cpu/2013-05-04-6c6d605d,CPU,04-05-2013,Canada,ON,Belle River,Belle River Open
923,cpu/2013-05-17-75f81f14,CPU,17-05-2013,Canada,SK,Regina,Adrenaline Open
924,cpu/2013-05-25-a41c4e59,CPU,25-05-2013,Canada,NS,Lower Sackville,Nova Scotia Provincials
925,cpu/2013-06-01-e78684d8,CPU,01-06-2013,Canada,ON,Toronto,Toronto Supershow
926,cpu/2013-06-08-41b0a00e,CPU,08-06-2013,Canada,QC,Ste-Marie,Ste-Marie Sport Festival
927,cpu/2013-06-08-4aa34ebb,CPU,08-06-2013,Canada,MB,Dauphin,Power In The Parkland
928,cpu/2013-06-08-e153f6da,CPU,08-06-2013,Canada,NL,St. John's,Newfoundland Provincials
929,cpu/2013-06-09-f7c045d7,CPU,09-06-2013,Canada,BC,Richmond,BC Provincials
930,cpu/2013-06-14-2f608877,CPU,14-06-2013,Canada,AB,Calgary,Peak Power Challenge
931,cpu/2013-06-15-438c9034,CPU,15-06-2013,Canada,ON,Mississauga,UTM
932,cpu/2013-07-06-d5343621,CPU,06-07-2013,Canada,ON,South Huron,South Huron Open
933,cpu/2013-07-07-5786258c,CPU,07-07-2013,Canada,AB,Calgary,Alberta Provincials
934,cpu/2013-07-13-becda45d,CPU,13-07-2013,Canada,SK,Moose Jaw,Unparalleled Open
935,cpu/2013-07-21-6e3ba503,CPU,21-07-2013,Canada,ON,Ottawa,Ottawa Open
936,cpu/2013-08-10-b4133c55,CPU,10-08-2013,Canada,PE,Charlottetown,PEI Classic Provincials
937,cpu/2013-08-11-38291a14,CPU,11-08-2013,Canada,AB,Calgary,Big Rock Open
938,cpu/2013-08-17-cfe0e845,CPU,17-08-2013,Canada,ON,St. Catherines,Niagara Open
939,cpu/2013-08-18-e8684b9b,CPU,18-08-2013,Canada,AB,Edmonton,Bay Noppers Memorial
940,cpu/2013-08-24-cc77bdc4,CPU,24-08-2013,Canada,QC,Varennes,South Shore Challenge
941,cpu/2013-09-08-02539b86,CPU,08-09-2013,Canada,BC,Victoria,Taranis Challenge
942,cpu/2013-10-05-b83dc5cd,CPU,05-10-2013,Canada,AB,Calgary,Urban Athletic Games
943,cpu/2013-10-19-3ac22eaa,CPU,19-10-2013,Canada,ON,North Bay,North Bay Open
944,cpu/2013-10-19-75b134a7,CPU,19-10-2013,Canada,MB,Winnipeg,Western Canadian Championship
945,cpu/2013-10-26-2fbb09d7,CPU,26-10-2013,Canada,SK,Saskatoon,Saskatchewan Provincials
946,cpu/2013-10-26-33a1ff9e,CPU,26-10-2013,Canada,NS,Sydney,Eastern Canadian Championship
947,cpu/2013-10-27-97eae879,CPU,27-10-2013,Canada,QC,Bureau,Quebec Equipped Provincials
948,cpu/2013-11-02-81b29779,CPU,02-11-2013,Canada,BC,Abbotsford,BCPA Fall Classic
949,cpu/2013-11-03-99c68596,CPU,03-11-2013,Canada,ON,Dundas,Dundas Open
950,cpu/2013-11-09-57f24185,CPU,09-11-2013,Canada,QC,Saguenay,Saguenay Open
951,cpu/2013-11-16-2d8f7e98,CPU,16-11-2013,Canada,ON,Ottawa,Ontario Classic Championship
952,cpu/2013-11-16-4237e972,CPU,16-11-2013,Canada,AB,Edmonton,Powersurge
953,cpu/2013-11-24-8f52bc71,CPU,24-11-2013,Canada,MB,Winnipeg,Keystone Classic
954,cpu/2013-11-30-3a2eb93f,CPU,30-11-2013,Canada,NL,St. Johns,Newfoundland Open
955,cpu/2013-12-07-a27dcd8c,CPU,07-12-2013,Canada,QC,Montreal,Montreal Open
956,cpu/2013-12-21-904f0851,CPU,21-12-2013,Canada,SK,Moose Jaw,Rhaea Stinn Last Chance Open
957,cpu/2014-01-05-193b6982,CPU,05-01-2014,Canada,ON,London,London Fun Meet
958,cpu/2014-01-11-7aa4b787,CPU,11-01-2014,Canada,AB,Cold Lake,Cold Lake Bar Benders
959,cpu/2014-01-18-1d3f38cf,CPU,18-01-2014,Canada,ON,Emeryville,Ontario Equipped Provincials
960,cpu/2014-01-18-d6fd1c4e,CPU,18-01-2014,Canada,PE,Charlottetown,PEI Equipped Provincials/Winter Classic
961,cpu/2014-01-25-d39f86d2,CPU,25-01-2014,Canada,SK,Saskatoon,Synergy Strength Open
962,cpu/2014-01-25-eda10dcb,CPU,25-01-2014,Canada,QC,Drummondville,Quebec Classic Provincials
963,cpu/2014-02-08-636fced6,CPU,08-02-2014,Canada,AB,Edmonton,U of A Invitational
964,cpu/2014-02-08-da718648,CPU,08-02-2014,Canada,NS,,East Coast Open
965,cpu/2014-02-09-ebd9ed92,CPU,09-02-2014,Canada,ON,Mississauga,College/University Challenge
966,cpu/2014-02-16-2614b02d,CPU,16-02-2014,Canada,MB,Winnipeg,Manitoba Provincial Championship
967,cpu/2014-02-23-f8e9151c,CPU,23-02-2014,Canada,BC,Richmond,2014 BC Winter Open
968,cpu/2014-03-25-caf7c841,CPU,25-03-2014,Canada,ON,Hamilton,Hamilton Regional High School Championship
969,cpu/2014-03-31-10930ceb,CPU,31-03-2014,Canada,ON,St. Catherines,Canadian Championship
970,cpu/2014-04-26-e4baae73,CPU,26-04-2014,Canada,ON,Belle River,Belle River High School Regional
971,cpu/2014-04-26-ed996b25,CPU,26-04-2014,Canada,BC,Langley,BCPA Spring Open
972,cpu/2014-05-03-27d8b95b,CPU,03-05-2014,Canada,AB,Calgary,Heroes of Iron
973,cpu/2014-05-10-6c6d605d,CPU,10-05-2014,Canada,ON,Belle River,Belle River Open
974,cpu/2014-05-10-db934a9c,CPU,10-05-2014,Canada,AB,Edmonton,UAPA Farewell
975,cpu/2014-05-17-2ba26c8e,CPU,17-05-2014,Canada,SK,Saskatoon,Reebok Crossfit 306 Open
976,cpu/2014-05-24-a41c4e59,CPU,24-05-2014,Canada,NS,Sackville,Nova Scotia Provincials
977,cpu/2014-05-25-38291a14,CPU,25-05-2014,Canada,AB,Calgary,Big Rock Open
978,cpu/2014-05-31-e78684d8,CPU,31-05-2014,Canada,ON,Toronto,Toronto Supershow
979,cpu/2014-06-07-41b0a00e,CPU,07-06-2014,Canada,QC,Ste-Marie,Ste-Marie Sport Festival
980,cpu/2014-06-14-4aa34ebb,CPU,14-06-2014,Canada,MB,Dauphin,Power In The Parkland
981,cpu/2014-06-21-33451bba,CPU,21-06-2014,Canada,PE,Summerside,Prince County Open
982,cpu/2014-06-21-42cf9711,CPU,21-06-2014,Canada,BC,Vancouver,BC Provincial Championship
983,cpu/2014-06-21-f87f2a5f,CPU,21-06-2014,Canada,ON,Mississauga,UTM Open
984,cpu/2014-06-28-becda45d,CPU,28-06-2014,Canada,SK,Moose Jaw,Unparalleled Open
985,cpu/2014-06-28-ef4f866c,CPU,28-06-2014,Canada,NL,St. John's,Newfoundland Provincial Championship
986,cpu/2014-07-05-28f20a20,CPU,05-07-2014,Canada,AB,Olds,Alberta Provincial Championship
987,cpu/2014-07-12-6e3ba503,CPU,12-07-2014,Canada,ON,Ottawa,Ottawa Open
988,cpu/2014-08-16-cc7cd45c,CPU,16-08-2014,Canada,PE,Charlottetown,Atlantic Raw Championship
989,cpu/2014-08-16-cfe0e845,CPU,16-08-2014,Canada,ON,St. Catherines,Niagara Open
990,cpu/2014-08-23-43533775,CPU,23-08-2014,Canada,QC,Longueuil,Napalm Classic
991,cpu/2014-08-24-95f365b1,CPU,24-08-2014,Canada,MB,Winnipeg,Prarie Crossfit Open
992,cpu/2014-08-24-e8684b9b,CPU,24-08-2014,Canada,AB,Edmonton,Bay Noppers Memorial
993,cpu/2014-08-30-e7923e17,CPU,30-08-2014,Canada,NS,Sydney,ATP Summer Open
994,cpu/2014-09-06-6c6d605d,CPU,06-09-2014,Canada,ON,Belle River,Belle River Open
995,cpu/2014-09-13-0640a5ca,CPU,13-09-2014,Canada,ON,Orangeville,Orangeville Open
996,cpu/2014-09-13-2511bce8,CPU,13-09-2014,Canada,QC,Quebec City,Evolugym Open
997,cpu/2014-09-13-2fbb09d7,CPU,13-09-2014,Canada,SK,Regina,Saskatchewan Provincials
998,cpu/2014-09-27-3baf78d5,CPU,27-09-2014,Canada,BC,Vancouver,Thunderbird Challenge
